id,purchase_ts,ship_ts,delivery_ts,refund_ts
1194a8be227,1/23/2019,1/24/2019,2/5/2019,2/10/2019
3cd695956c9,10/4/2019,10/7/2019,10/16/2019,10/23/2019
8d9566e5fbc,6/14/2020,6/19/2020,6/27/2020,7/1/2020
940824d6491,6/14/2020,6/19/2020,6/29/2020,7/5/2020
47522ab73aa,6/15/2020,6/19/2020,7/3/2020,7/7/2020
973efd98592,2/25/2021,3/2/2021,3/10/2021,3/15/2021
76189501f16,1/21/2019,1/25/2019,2/4/2019,2/10/2019
7485004a281,10/4/2019,10/8/2019,10/20/2019,10/25/2019
c729c3ed09d,6/18/2020,6/20/2020,6/29/2020,7/7/2020
a648cad571d,2/25/2021,3/3/2021,3/10/2021,3/13/2021
e1d5bc0bcab,2/25/2021,3/3/2021,3/15/2021,3/20/2021
d4128d7cb08,2/28/2021,3/3/2021,3/17/2021,3/20/2021
af4599f2533,1/21/2019,1/26/2019,2/9/2019,2/12/2019
93305e6596b,10/4/2019,10/9/2019,10/21/2019,10/25/2019
24d540c99f6,6/19/2020,6/21/2020,7/5/2020,7/9/2020
dd86765f8a6,3/2/2021,3/4/2021,3/11/2021,3/19/2021
602386a17b2,3/3/2021,3/4/2021,3/16/2021,3/21/2021
78ff2ee8be2,2/28/2021,3/4/2021,3/15/2021,3/24/2021
25fe8b2168d,1/21/2019,1/27/2019,2/9/2019,2/13/2019
50f3158281d,10/4/2019,10/10/2019,10/20/2019,10/27/2019
c52be9211ee,6/18/2020,6/22/2020,7/2/2020,7/7/2020
d86644b2f98,6/18/2020,6/22/2020,7/4/2020,7/5/2020
d8ac2000c81,3/2/2021,3/5/2021,3/14/2021,3/20/2021
b4f72167df8,1/23/2019,1/28/2019,2/11/2019,2/16/2019
9a953b63ba8,6/19/2020,6/23/2020,7/6/2020,7/6/2020
e0015018487,6/21/2020,6/23/2020,7/7/2020,7/8/2020
b36ca104c80,6/22/2020,6/23/2020,7/7/2020,7/12/2020
436c559956c,6/18/2020,6/23/2020,7/5/2020,7/12/2020
b846cc9dce9,3/2/2021,3/6/2021,3/15/2021,3/22/2021
61f2f6a7484,2/28/2021,3/6/2021,3/19/2021,3/28/2021
93ef111071e,2/28/2021,3/6/2021,3/20/2021,3/24/2021
6861ed5ab64,2/28/2021,3/6/2021,3/14/2021,3/20/2021
cac6535ae58,3/1/2021,3/6/2021,3/15/2021,3/21/2021
aba3955e4e3,1/24/2019,1/29/2019,2/5/2019,2/9/2019
efc7ae7dc8d,1/26/2019,1/29/2019,2/11/2019,2/15/2019
3f5e95f1556,1/23/2019,1/29/2019,2/7/2019,2/8/2019
ba1ecd79242,10/7/2019,10/12/2019,10/20/2019,10/29/2019
68ff8701ba4,6/19/2020,6/24/2020,7/4/2020,7/12/2020
7fd42f22a60,6/20/2020,6/24/2020,7/3/2020,7/8/2020
571fc043fd7,6/18/2020,6/24/2020,7/3/2020,7/10/2020
25f40dd38f0,3/2/2021,3/7/2021,3/16/2021,3/18/2021
2bd074f67e2,3/4/2021,3/7/2021,3/16/2021,3/24/2021
c5d7b60b4be,3/1/2021,3/7/2021,3/17/2021,3/25/2021
d5d2e4c3eb7,6/22/2020,6/25/2020,7/4/2020,7/9/2020
42e0fdb0e53,6/23/2020,6/25/2020,7/3/2020,7/12/2020
860ad8916a0,6/22/2020,6/26/2020,7/9/2020,7/11/2020
4ff6d20cf23,6/22/2020,6/26/2020,7/8/2020,7/9/2020
8fb9e3036e4,6/24/2020,6/26/2020,7/6/2020,7/15/2020
715fd0d586c,6/25/2020,6/26/2020,7/5/2020,7/14/2020
72185f1ef58,3/7/2021,3/9/2021,3/23/2021,3/27/2021
5715c82f3d5,6/21/2020,6/27/2020,7/9/2020,7/12/2020
e5698cae021,6/23/2020,6/27/2020,7/10/2020,7/15/2020
72eadddf4e8,6/25/2020,6/27/2020,7/11/2020,7/19/2020
f810c833660,6/25/2020,6/27/2020,7/6/2020,7/15/2020
9d18ad87e77,3/4/2021,3/10/2021,3/24/2021,3/28/2021
53d3b859b5a,3/4/2021,3/10/2021,3/18/2021,3/23/2021
4a790707bf6,6/24/2020,6/29/2020,7/10/2020,7/14/2020
84ac44351b9,6/24/2020,6/29/2020,7/13/2020,7/16/2020
c6853a0891f,6/24/2020,6/29/2020,7/8/2020,7/16/2020
a72d063df7a,6/24/2020,6/29/2020,7/9/2020,7/14/2020
b77b96b9472,6/28/2020,6/29/2020,7/13/2020,7/14/2020
c2d536f0cf7,10/14/2019,10/18/2019,10/31/2019,11/8/2019
75523c015e9,10/16/2019,10/18/2019,10/31/2019,11/2/2019
38f6ce968d4,6/24/2020,6/30/2020,7/13/2020,7/22/2020
26f84c839b6,6/26/2020,6/30/2020,7/11/2020,7/19/2020
fd5263672c5,6/29/2020,6/30/2020,7/8/2020,7/17/2020
1f14e0bf0ac,2/3/2019,2/5/2019,2/15/2019,2/19/2019
7ea2a6b9b49,10/13/2019,10/19/2019,10/31/2019,10/31/2019
d43eabca9fd,10/13/2019,10/19/2019,10/30/2019,11/3/2019
b613bba9923,10/16/2019,10/19/2019,11/2/2019,11/11/2019
dc10cfc5dbe,10/18/2019,10/19/2019,11/2/2019,11/11/2019
3621a8db3fd,6/26/2020,7/1/2020,7/14/2020,7/17/2020
e841d651977,3/13/2021,3/14/2021,3/25/2021,3/30/2021
9dbb27ed071,6/27/2020,7/2/2020,7/16/2020,7/19/2020
2e31a5dc43d,6/27/2020,7/2/2020,7/13/2020,7/17/2020
5109d428862,6/28/2020,7/2/2020,7/13/2020,7/14/2020
9e88b12ceaf,3/14/2021,3/15/2021,3/28/2021,4/5/2021
5ac924875a6,6/28/2020,7/3/2020,7/16/2020,7/24/2020
739624375f3,6/28/2020,7/3/2020,7/17/2020,7/23/2020
fd082316703,6/29/2020,7/3/2020,7/12/2020,7/16/2020
9c6d89cbcf2,6/29/2020,7/3/2020,7/11/2020,7/15/2020
d3217cc0c31,6/30/2020,7/3/2020,7/10/2020,7/16/2020
66a322a1447,6/30/2020,7/3/2020,7/14/2020,7/22/2020
90298f400d9,3/13/2021,3/16/2021,3/24/2021,3/30/2021
620b94fcfb0,6/29/2020,7/4/2020,7/17/2020,7/26/2020
00990e5ed6d,3/14/2021,3/17/2021,3/27/2021,3/30/2021
8f127957dd0,2/4/2019,2/9/2019,2/21/2019,2/24/2019
2126fc6f4e8,10/19/2019,10/23/2019,11/6/2019,11/10/2019
edc03a667d7,7/4/2020,7/5/2020,7/17/2020,7/22/2020
b3548988bdd,3/16/2021,3/18/2021,3/31/2021,4/3/2021
59f49a6ec87,2/5/2019,2/10/2019,2/23/2019,2/24/2019
ee48eb255d9,2/6/2019,2/10/2019,2/24/2019,3/2/2019
a199ebfa621,10/19/2019,10/24/2019,11/1/2019,11/7/2019
a47d93af8d1,10/23/2019,10/24/2019,11/6/2019,11/8/2019
a9bdb2df998,7/5/2020,7/6/2020,7/19/2020,7/28/2020
63dbc852d10,7/5/2020,7/7/2020,7/21/2020,7/27/2020
e19eeffa7cf,3/15/2021,3/20/2021,4/2/2021,4/5/2021
3cfe03fa1e0,3/16/2021,3/20/2021,4/1/2021,4/9/2021
b35c3879b9a,3/19/2021,3/20/2021,3/27/2021,4/4/2021
2a8f4e673e2,2/8/2019,2/12/2019,2/20/2019,2/25/2019
5f5e6e06274,7/3/2020,7/8/2020,7/19/2020,7/24/2020
d5ff049dc19,7/5/2020,7/8/2020,7/18/2020,7/22/2020
b73fc80a54a,7/6/2020,7/8/2020,7/22/2020,7/22/2020
c692b8b8c28,7/6/2020,7/8/2020,7/19/2020,7/26/2020
754aac85b9f,7/7/2020,7/8/2020,7/17/2020,7/24/2020
8dcc39b80bf,3/15/2021,3/21/2021,3/29/2021,4/4/2021
b24d615e542,3/15/2021,3/21/2021,3/29/2021,4/5/2021
040dbc16cf2,3/17/2021,3/21/2021,3/30/2021,4/5/2021
c3ed4238503,7/5/2020,7/9/2020,7/16/2020,7/24/2020
e8fd88d6d1c,7/7/2020,7/9/2020,7/20/2020,7/25/2020
ecfb869c392,7/8/2020,7/9/2020,7/21/2020,7/26/2020
2d8065f0bd7,2/13/2019,2/14/2019,2/26/2019,3/7/2019
2767b358a5e,10/22/2019,10/28/2019,11/11/2019,11/13/2019
cde77b9fd57,7/8/2020,7/10/2020,7/23/2020,7/31/2020
43faf1fa58a,3/19/2021,3/23/2021,4/4/2021,4/4/2021
db293d70334,3/21/2021,3/23/2021,4/3/2021,4/9/2021
536d673ea16,3/22/2021,3/23/2021,4/3/2021,4/7/2021
1cb2d2c229e,12/2/2021,12/4/2021,12/17/2021,12/23/2021
dc7234d67b6,12/3/2021,12/4/2021,12/15/2021,12/20/2021
51fde85e262,10/23/2019,10/29/2019,11/12/2019,11/21/2019
f115ebf6eac,7/5/2020,7/11/2020,7/24/2020,7/25/2020
f5b89e1b0cb,3/19/2021,3/24/2021,4/3/2021,4/11/2021
fefe115c433,10/24/2019,10/30/2019,11/12/2019,11/15/2019
31bc4b27a44,10/25/2019,10/30/2019,11/8/2019,11/12/2019
db275a8d928,10/25/2019,10/30/2019,11/7/2019,11/14/2019
b0e0ad39425,10/25/2019,10/30/2019,11/7/2019,11/16/2019
ec254e5c3b8,7/11/2020,7/12/2020,7/26/2020,7/28/2020
9749f3532b7,3/23/2021,3/25/2021,4/6/2021,4/8/2021
19aa4b25ace,12/1/2021,12/6/2021,12/20/2021,12/29/2021
a61346bb417,12/2/2021,12/6/2021,12/20/2021,12/28/2021
651a52993c8,12/3/2021,12/6/2021,12/18/2021,12/23/2021
4bc84cfa0f2,2/11/2019,2/17/2019,2/26/2019,3/2/2019
ccaf3921710,10/25/2019,10/31/2019,11/8/2019,11/15/2019
6e73d918f47,10/26/2019,10/31/2019,11/7/2019,11/13/2019
8384dd80b8c,7/7/2020,7/13/2020,7/26/2020,7/28/2020
93b7eca532b,7/10/2020,7/13/2020,7/23/2020,7/27/2020
797ab499073,7/10/2020,7/13/2020,7/26/2020,8/2/2020
6454d0c6f78,3/20/2021,3/26/2021,4/8/2021,4/12/2021
072538a77b3,3/20/2021,3/26/2021,4/5/2021,4/12/2021
fc1e181d218,3/22/2021,3/26/2021,4/7/2021,4/15/2021
18b6b6cb27f,3/24/2021,3/26/2021,4/7/2021,4/15/2021
213821d12ed,12/4/2021,12/7/2021,12/17/2021,12/26/2021
34b653fd45d,12/5/2021,12/7/2021,12/17/2021,12/21/2021
c0ef360821a,10/27/2019,11/1/2019,11/13/2019,11/18/2019
a3d2d387227,7/8/2020,7/14/2020,7/27/2020,7/30/2020
115a1e9c1be,7/10/2020,7/14/2020,7/24/2020,7/30/2020
bc15dc3917b,7/10/2020,7/14/2020,7/25/2020,7/30/2020
d1dfa978950,7/11/2020,7/14/2020,7/25/2020,8/3/2020
97b272b6265,7/12/2020,7/14/2020,7/23/2020,7/29/2020
0ee2accfcf5,3/22/2021,3/27/2021,4/6/2021,4/13/2021
382650bd286,3/23/2021,3/27/2021,4/8/2021,4/15/2021
36124daacdb,3/24/2021,3/27/2021,4/9/2021,4/9/2021
5b4e9623e45,3/26/2021,3/27/2021,4/10/2021,4/17/2021
e8f69dc8914,12/3/2021,12/8/2021,12/21/2021,12/28/2021
66291004427,7/9/2020,7/15/2020,7/28/2020,7/31/2020
9fe2183c440,7/10/2020,7/15/2020,7/24/2020,7/29/2020
095827cefc7,7/12/2020,7/15/2020,7/29/2020,8/1/2020
687023a5777,7/13/2020,7/15/2020,7/29/2020,8/5/2020
2226c7ac031,7/14/2020,7/15/2020,7/28/2020,8/1/2020
a4210ca1172,7/14/2020,7/15/2020,7/28/2020,7/31/2020
06124fc1067,3/23/2021,3/28/2021,4/6/2021,4/12/2021
8d93a25039d,12/3/2021,12/9/2021,12/18/2021,12/23/2021
b2476a3948d,7/10/2020,7/16/2020,7/24/2020,7/28/2020
71cba61599e,3/24/2021,3/29/2021,4/10/2021,4/10/2021
2849b2d2d58,3/25/2021,3/29/2021,4/9/2021,4/10/2021
04a978964cf,3/26/2021,3/29/2021,4/8/2021,4/13/2021
1cc4d841487,12/4/2021,12/10/2021,12/22/2021,12/25/2021
ceba811ea66,11/1/2019,11/4/2019,11/11/2019,11/17/2019
c307e8aa395,7/11/2020,7/17/2020,7/28/2020,8/3/2020
76af19a68ba,7/11/2020,7/17/2020,7/26/2020,8/1/2020
4544f3a6fc4,7/14/2020,7/17/2020,7/30/2020,8/8/2020
10624a16979,3/27/2021,3/30/2021,4/12/2021,4/14/2021
6ea222a26d8,11/2/2019,11/5/2019,11/19/2019,11/23/2019
077288ebc8c,7/12/2020,7/18/2020,7/30/2020,8/3/2020
1db94924c59,7/14/2020,7/18/2020,7/29/2020,8/4/2020
fe77837a1f1,3/26/2021,3/31/2021,4/12/2021,4/16/2021
b8a315df020,3/27/2021,3/31/2021,4/12/2021,4/12/2021
3d24b0d359c,3/29/2021,3/31/2021,4/10/2021,4/15/2021
db85b939c99,3/29/2021,3/31/2021,4/14/2021,4/16/2021
c302dd44be8,3/30/2021,3/31/2021,4/14/2021,4/22/2021
cd92d716e2e,11/2/2019,11/6/2019,11/14/2019,11/20/2019
3f9bd334556,7/13/2020,7/19/2020,7/31/2020,8/1/2020
1078998b39f,7/14/2020,7/19/2020,7/30/2020,8/1/2020
a91a737b64f,7/15/2020,7/19/2020,8/1/2020,8/5/2020
4cee8148def,7/18/2020,7/19/2020,7/26/2020,8/4/2020
4f5c580808b,3/29/2021,4/1/2021,4/11/2021,4/14/2021
8ae32bfb340,12/7/2021,12/13/2021,12/23/2021,12/24/2021
00a161b4e5d,2/18/2019,2/24/2019,3/3/2019,3/11/2019
acb06cddbb6,2/20/2019,2/24/2019,3/9/2019,3/12/2019
4125ab7f16c,2/21/2019,2/24/2019,3/8/2019,3/13/2019
a44923d8a13,2/22/2019,2/24/2019,3/9/2019,3/16/2019
aa0c489b93c,11/2/2019,11/7/2019,11/19/2019,11/20/2019
52e2be7d5c5,11/2/2019,11/7/2019,11/21/2019,11/30/2019
f5d7e6d718c,11/4/2019,11/7/2019,11/21/2019,11/27/2019
06aa4c4a11e,7/15/2020,7/20/2020,7/29/2020,8/7/2020
1578d54b1cc,7/17/2020,7/20/2020,8/2/2020,8/9/2020
52f358cc27d,7/18/2020,7/20/2020,8/1/2020,8/10/2020
6904cd44608,3/27/2021,4/2/2021,4/12/2021,4/16/2021
e63bb1960f4,2/20/2019,2/25/2019,3/10/2019,3/11/2019
08ba195deed,2/23/2019,2/25/2019,3/10/2019,3/11/2019
eba63432888,11/5/2019,11/8/2019,11/15/2019,11/21/2019
76682af27f6,11/6/2019,11/8/2019,11/21/2019,11/22/2019
19f4d502040,7/15/2020,7/21/2020,8/4/2020,8/11/2020
45ab75a9509,7/15/2020,7/21/2020,8/4/2020,8/6/2020
12de31da562,7/16/2020,7/21/2020,7/29/2020,8/6/2020
a46fd193db7,3/28/2021,4/3/2021,4/15/2021,4/18/2021
f6697fc9173,4/2/2021,4/3/2021,4/16/2021,4/23/2021
4a63fc9bf45,2/25/2019,2/26/2019,3/12/2019,3/20/2019
52d36639460,11/5/2019,11/9/2019,11/23/2019,11/25/2019
9d2ba6b6048,7/16/2020,7/22/2020,7/29/2020,8/4/2020
20753a91dd9,7/20/2020,7/22/2020,8/5/2020,8/6/2020
164bdc44f29,3/29/2021,4/4/2021,4/11/2021,4/15/2021
c6e281e9e34,3/31/2021,4/4/2021,4/17/2021,4/22/2021
060735c931f,4/1/2021,4/4/2021,4/16/2021,4/25/2021
ee72a44cbca,4/3/2021,4/4/2021,4/13/2021,4/20/2021
c8eb96d33e8,7/19/2020,7/23/2020,7/31/2020,8/6/2020
ac04ef4a65a,7/21/2020,7/23/2020,8/5/2020,8/7/2020
80fc2f1ee1c,3/30/2021,4/5/2021,4/18/2021,4/21/2021
bf164991857,2/26/2019,2/28/2019,3/9/2019,3/18/2019
af1615de8d1,11/6/2019,11/11/2019,11/24/2019,12/1/2019
c05fedebd10,7/18/2020,7/24/2020,8/6/2020,8/14/2020
cfda0e6f23d,7/18/2020,7/24/2020,8/6/2020,8/13/2020
e2b570233d3,7/18/2020,7/24/2020,8/6/2020,8/9/2020
e61e5ccf198,7/20/2020,7/24/2020,8/5/2020,8/13/2020
5128eb33f19,7/21/2020,7/24/2020,7/31/2020,8/9/2020
6b5c612f850,4/2/2021,4/6/2021,4/20/2021,4/22/2021
c20af7a521f,2/24/2019,3/1/2019,3/9/2019,3/12/2019
c55c1bb8f81,2/28/2019,3/1/2019,3/8/2019,3/17/2019
eeb969c5dc4,11/7/2019,11/12/2019,11/19/2019,11/26/2019
e6e67794fa2,7/19/2020,7/25/2020,8/2/2020,8/10/2020
87dfa46f1ae,7/21/2020,7/25/2020,8/4/2020,8/13/2020
39b1b59433a,7/24/2020,7/25/2020,8/6/2020,8/15/2020
c566cf309fa,4/4/2021,4/7/2021,4/21/2021,4/22/2021
19971a937b4,11/8/2019,11/13/2019,11/22/2019,11/24/2019
b88f61527d4,7/22/2020,7/26/2020,8/9/2020,8/12/2020
64fd334522a,7/23/2020,7/26/2020,8/9/2020,8/13/2020
2d07334a85d,4/4/2021,4/8/2021,4/20/2021,4/20/2021
ce87c870d02,4/6/2021,4/8/2021,4/17/2021,4/25/2021
a2296a80934,2/27/2019,3/3/2019,3/12/2019,3/21/2019
8cff63a5720,11/10/2019,11/14/2019,11/23/2019,11/26/2019
58cedeb86af,7/24/2020,7/27/2020,8/5/2020,8/12/2020
68f5f9a46a0,7/22/2020,7/28/2020,8/10/2020,8/17/2020
e6aef5d12f5,4/5/2021,4/10/2021,4/19/2021,4/26/2021
e3d7b9d5f28,7/23/2020,7/29/2020,8/7/2020,8/15/2020
ec323a0ddf7,7/26/2020,7/29/2020,8/12/2020,8/16/2020
6d2a073aea2,7/27/2020,7/29/2020,8/9/2020,8/13/2020
ac5ba29df7e,2/28/2019,3/6/2019,3/19/2019,3/28/2019
24d9ba7bb47,7/29/2020,7/30/2020,8/11/2020,8/14/2020
5d2b825d1bf,7/29/2020,7/30/2020,8/13/2020,8/22/2020
2cc77206988,3/3/2019,3/7/2019,3/15/2019,3/21/2019
a95feefce0f,7/26/2020,7/31/2020,8/13/2020,8/19/2020
c74a91c5780,7/27/2020,7/31/2020,8/9/2020,8/17/2020
26e8c7fc3ac,7/28/2020,7/31/2020,8/8/2020,8/14/2020
2aa4c3eb05f,3/3/2019,3/8/2019,3/17/2019,3/22/2019
a40a7ee6f89,7/30/2020,8/1/2020,8/10/2020,8/16/2020
c1e7b7d5279,3/5/2019,3/9/2019,3/19/2019,3/26/2019
75a8f2d7121,3/5/2019,3/9/2019,3/21/2019,3/30/2019
a3241b13131,3/7/2019,3/9/2019,3/20/2019,3/29/2019
09204eef11b,3/7/2019,3/9/2019,3/22/2019,3/25/2019
8100633c439,7/28/2020,8/2/2020,8/15/2020,8/20/2020
d510b48420f,11/15/2019,11/21/2019,12/4/2019,12/6/2019
6c399724394,7/29/2020,8/3/2020,8/12/2020,8/15/2020
f1783a2ff74,7/31/2020,8/3/2020,8/14/2020,8/18/2020
0800441c927,7/31/2020,8/3/2020,8/12/2020,8/19/2020
2091af8788f,4/15/2021,4/16/2021,4/26/2021,5/5/2021
5b18de667ee,3/6/2019,3/11/2019,3/20/2019,3/26/2019
937b81d816e,11/17/2019,11/22/2019,12/6/2019,12/11/2019
de76eef0b8c,7/31/2020,8/4/2020,8/18/2020,8/21/2020
40bdad85be9,3/6/2019,3/12/2019,3/20/2019,3/27/2019
d61b8fd063c,7/30/2020,8/5/2020,8/16/2020,8/24/2020
0e187b996e5,7/31/2020,8/5/2020,8/17/2020,8/17/2020
ad5942e8899,7/31/2020,8/5/2020,8/17/2020,8/24/2020
a75b6e7b0e0,7/31/2020,8/5/2020,8/19/2020,8/20/2020
df0e3f00c15,8/1/2020,8/5/2020,8/14/2020,8/19/2020
f46dd25aa6e,8/4/2020,8/5/2020,8/18/2020,8/24/2020
ea29313ec22,8/3/2020,8/6/2020,8/15/2020,8/23/2020
00d77df7cd4,4/15/2021,4/19/2021,4/29/2021,5/3/2021
3654cfd3cb0,3/12/2019,3/14/2019,3/28/2019,4/4/2019
bb2de7e0aeb,8/1/2020,8/7/2020,8/19/2020,8/21/2020
210bb7ec03d,8/2/2020,8/7/2020,8/14/2020,8/18/2020
51f8a5f3432,8/4/2020,8/7/2020,8/15/2020,8/20/2020
82e9e28fe27,8/4/2020,8/7/2020,8/17/2020,8/22/2020
4d602d5b268,4/14/2021,4/20/2021,5/4/2021,5/6/2021
b34ff13b4c2,4/14/2021,4/20/2021,5/1/2021,5/8/2021
8c277187539,4/16/2021,4/20/2021,5/3/2021,5/9/2021
21b1df06fae,4/16/2021,4/20/2021,4/30/2021,5/4/2021
0fb2864578c,3/10/2019,3/15/2019,3/26/2019,4/4/2019
2750a4e2603,3/10/2019,3/15/2019,3/24/2019,3/30/2019
af8f6037e11,3/13/2019,3/15/2019,3/27/2019,4/2/2019
963e0ba1bb2,8/2/2020,8/8/2020,8/15/2020,8/21/2020
0993db52fbb,8/3/2020,8/8/2020,8/20/2020,8/21/2020
68fa676e9c4,8/7/2020,8/8/2020,8/18/2020,8/25/2020
5bce2a693a6,4/18/2021,4/21/2021,5/2/2021,5/10/2021
bc672350f11,8/4/2020,8/9/2020,8/18/2020,8/21/2020
fa507e424d3,8/4/2020,8/9/2020,8/20/2020,8/27/2020
9cbf343535b,8/5/2020,8/9/2020,8/21/2020,8/24/2020
41bb230b6cb,3/12/2019,3/17/2019,3/28/2019,4/2/2019
e5174892c89,8/5/2020,8/10/2020,8/21/2020,8/22/2020
e38bd99761d,8/6/2020,8/10/2020,8/19/2020,8/24/2020
33355a73cf1,8/6/2020,8/10/2020,8/24/2020,8/26/2020
3a5d47c3a27,8/6/2020,8/10/2020,8/24/2020,9/1/2020
ac64ee138cd,8/6/2020,8/10/2020,8/22/2020,8/26/2020
86c0458f381,8/8/2020,8/10/2020,8/23/2020,8/26/2020
290ee9c02de,8/5/2020,8/11/2020,8/24/2020,8/25/2020
1a85aae27c3,4/18/2021,4/24/2021,5/4/2021,5/8/2021
8f803f7a31e,4/19/2021,4/24/2021,5/4/2021,5/5/2021
a0c63f555b8,4/19/2021,4/24/2021,5/3/2021,5/8/2021
89f56f6c0d5,4/22/2021,4/24/2021,5/5/2021,5/8/2021
cb38d5a0c13,11/29/2019,11/30/2019,12/14/2019,12/15/2019
6ebaab247a3,8/7/2020,8/12/2020,8/26/2020,8/29/2020
857fe2ebfb0,8/8/2020,8/12/2020,8/23/2020,8/29/2020
ec0e366f9f2,8/8/2020,8/12/2020,8/26/2020,9/2/2020
a579045204d,4/19/2021,4/25/2021,5/9/2021,5/11/2021
55781c25fb0,4/20/2021,4/25/2021,5/9/2021,5/16/2021
adf878960b2,4/21/2021,4/25/2021,5/6/2021,5/15/2021
3c21f90c0b7,3/16/2019,3/20/2019,4/3/2019,4/4/2019
f4611295bff,8/11/2020,8/13/2020,8/24/2020,9/2/2020
15753dbbbb7,4/21/2021,4/26/2021,5/8/2021,5/11/2021
4d5b52241bb,11/27/2019,12/2/2019,12/12/2019,12/18/2019
ed9ee37dd6a,8/8/2020,8/14/2020,8/28/2020,8/31/2020
030cc299c06,4/24/2021,4/27/2021,5/5/2021,5/11/2021
fc6edceb1ed,3/17/2019,3/22/2019,4/3/2019,4/9/2019
5737abcc6ec,12/1/2019,12/3/2019,12/15/2019,12/24/2019
4ee44e20a55,12/2/2019,12/3/2019,12/15/2019,12/19/2019
7f7a5e954a1,8/9/2020,8/15/2020,8/27/2020,9/2/2020
71b3a266ac2,4/23/2021,4/28/2021,5/8/2021,5/15/2021
6bea7d1299b,3/20/2019,3/23/2019,4/2/2019,4/10/2019
f289e4c6271,11/28/2019,12/4/2019,12/16/2019,12/19/2019
caa88314f02,12/1/2019,12/4/2019,12/17/2019,12/19/2019
e5f0338ac1b,8/10/2020,8/16/2020,8/27/2020,8/29/2020
16f80ad3d5c,8/11/2020,8/16/2020,8/30/2020,9/4/2020
d70d177f096,4/25/2021,4/29/2021,5/6/2021,5/13/2021
1840ecc37e5,4/26/2021,4/29/2021,5/7/2021,5/13/2021
ec84565dc5c,12/2/2019,12/5/2019,12/19/2019,12/26/2019
17105f02c21,8/11/2020,8/17/2020,8/28/2020,9/4/2020
8c06bcbf7ed,8/12/2020,8/17/2020,8/31/2020,9/7/2020
ec97ed383a9,8/15/2020,8/17/2020,8/31/2020,9/9/2020
ad7957815be,8/16/2020,8/17/2020,8/24/2020,9/2/2020
0d02cf7e22b,4/25/2021,4/30/2021,5/13/2021,5/17/2021
f0da1fb2aa6,4/26/2021,4/30/2021,5/12/2021,5/13/2021
9ab71321aa0,8/12/2020,8/18/2020,8/29/2020,9/6/2020
1047ffc6d42,4/25/2021,5/1/2021,5/9/2021,5/13/2021
9f049168156,4/25/2021,5/1/2021,5/13/2021,5/17/2021
ba89d78d186,4/25/2021,5/1/2021,5/14/2021,5/16/2021
920f41cad67,4/28/2021,5/1/2021,5/15/2021,5/21/2021
c147227f9af,4/28/2021,5/1/2021,5/11/2021,5/14/2021
de9f9b99f93,4/28/2021,5/1/2021,5/14/2021,5/19/2021
e2ea8f00cf7,4/29/2021,5/1/2021,5/13/2021,5/18/2021
685f40fa473,12/3/2019,12/7/2019,12/17/2019,12/23/2019
77f2c68bfb0,12/4/2019,12/7/2019,12/21/2019,12/24/2019
c6a3417461d,3/24/2019,3/27/2019,4/10/2019,4/13/2019
3771410c3e5,12/2/2019,12/8/2019,12/21/2019,12/22/2019
f746df90b56,8/14/2020,8/20/2020,9/2/2020,9/7/2020
cbf45dda5f9,8/14/2020,8/20/2020,8/29/2020,9/2/2020
a730b25a08f,4/27/2021,5/3/2021,5/16/2021,5/20/2021
5cae7f125a8,4/27/2021,5/3/2021,5/16/2021,5/18/2021
e13657d5d6e,4/28/2021,5/3/2021,5/10/2021,5/14/2021
991f12f08a3,4/28/2021,5/3/2021,5/12/2021,5/20/2021
5c7e6e573b3,3/22/2019,3/28/2019,4/11/2019,4/16/2019
e967d706521,12/3/2019,12/9/2019,12/20/2019,12/27/2019
2ac5cce1ff2,12/5/2019,12/9/2019,12/23/2019,12/26/2019
ecbf9214895,8/17/2020,8/21/2020,8/28/2020,9/4/2020
129973d056c,4/28/2021,5/4/2021,5/17/2021,5/23/2021
98991a63ca1,4/29/2021,5/4/2021,5/12/2021,5/17/2021
46b95594786,4/29/2021,5/4/2021,5/16/2021,5/22/2021
18c08ecd8d7,5/2/2021,5/4/2021,5/17/2021,5/23/2021
665bb1bf11a,5/3/2021,5/4/2021,5/15/2021,5/23/2021
1c7e74c6b11,8/20/2020,8/22/2020,9/5/2020,9/10/2020
45303a38f37,4/30/2021,5/5/2021,5/18/2021,5/25/2021
5b7b4ef1b79,5/1/2021,5/5/2021,5/15/2021,5/19/2021
9b32e283218,5/3/2021,5/5/2021,5/16/2021,5/24/2021
034eb358739,12/8/2019,12/11/2019,12/23/2019,12/28/2019
03c0da8518a,4/30/2021,5/6/2021,5/14/2021,5/20/2021
c202553139b,5/4/2021,5/6/2021,5/18/2021,5/21/2021
269f47fafc7,3/26/2019,3/31/2019,4/8/2019,4/14/2019
5829aa4017e,8/22/2020,8/24/2020,9/6/2020,9/7/2020
f14cf0b0f9d,8/23/2020,8/24/2020,9/6/2020,9/12/2020
4727b8ffb88,5/3/2021,5/7/2021,5/19/2021,5/25/2021
065287474d4,5/3/2021,5/7/2021,5/14/2021,5/20/2021
76ca09b0915,3/30/2019,4/1/2019,4/9/2019,4/17/2019
1b54a52a609,8/22/2020,8/25/2020,9/2/2020,9/10/2020
108667938fd,3/28/2019,4/2/2019,4/9/2019,4/14/2019
793eeb8867a,3/29/2019,4/2/2019,4/9/2019,4/15/2019
ff887278847,8/21/2020,8/26/2020,9/7/2020,9/7/2020
778f1b1c398,8/23/2020,8/26/2020,9/6/2020,9/13/2020
67cc5e5576b,5/3/2021,5/9/2021,5/22/2021,5/23/2021
696983dacb5,5/4/2021,5/9/2021,5/20/2021,5/26/2021
7f8efb6cdbd,5/6/2021,5/9/2021,5/18/2021,5/24/2021
b2d321cb967,8/21/2020,8/27/2020,9/3/2020,9/10/2020
6511d959299,8/21/2020,8/27/2020,9/7/2020,9/16/2020
a609ce40d6d,8/21/2020,8/27/2020,9/9/2020,9/17/2020
337928029b3,8/25/2020,8/27/2020,9/9/2020,9/15/2020
88088c1c6ab,5/4/2021,5/10/2021,5/23/2021,5/28/2021
228e20e5fb6,12/15/2019,12/16/2019,12/30/2019,1/5/2020
a8dc3be3999,8/24/2020,8/28/2020,9/9/2020,9/14/2020
3dde7563f32,5/5/2021,5/11/2021,5/22/2021,5/25/2021
aa50edf0396,8/24/2020,8/29/2020,9/12/2020,9/14/2020
6428a01cdfc,8/26/2020,8/29/2020,9/12/2020,9/20/2020
ab0106c9189,8/27/2020,8/29/2020,9/8/2020,9/16/2020
debc0509bd2,4/1/2019,4/7/2019,4/14/2019,4/18/2019
714570bdcc5,4/6/2019,4/7/2019,4/20/2019,4/22/2019
d008049f946,8/25/2020,8/31/2020,9/13/2020,9/15/2020
fde127160a0,8/27/2020,8/31/2020,9/11/2020,9/16/2020
9387e7fbff5,8/27/2020,8/31/2020,9/13/2020,9/21/2020
adfa65a4d92,8/29/2020,8/31/2020,9/12/2020,9/16/2020
03945437f67,5/13/2021,5/14/2021,5/25/2021,6/1/2021
6eea0876d39,4/5/2019,4/8/2019,4/21/2019,4/23/2019
4ed31b9758c,12/14/2019,12/20/2019,12/27/2019,1/5/2020
c33be29ccbc,8/26/2020,9/1/2020,9/15/2020,9/15/2020
c641cfe251d,8/28/2020,9/1/2020,9/10/2020,9/15/2020
14de257bc42,4/3/2019,4/9/2019,4/22/2019,4/24/2019
6bc9d0b1f20,4/6/2019,4/9/2019,4/23/2019,4/27/2019
a190561d102,12/17/2019,12/21/2019,1/4/2020,1/5/2020
e1575312de7,8/27/2020,9/2/2020,9/11/2020,9/17/2020
312c5ab3738,4/5/2019,4/10/2019,4/19/2019,4/23/2019
eb3d3c96c39,8/31/2020,9/3/2020,9/16/2020,9/18/2020
c2eb4f6260e,5/13/2021,5/17/2021,5/30/2021,6/2/2021
0a59eb4bc56,5/14/2021,5/17/2021,5/30/2021,6/4/2021
9404a8b6cd4,8/30/2020,9/4/2020,9/14/2020,9/15/2020
cb8e1668d5e,8/30/2020,9/4/2020,9/11/2020,9/15/2020
579c5e87ec7,8/30/2020,9/4/2020,9/13/2020,9/21/2020
829ccd816d0,8/30/2020,9/4/2020,9/18/2020,9/20/2020
2329edd8dcd,8/31/2020,9/4/2020,9/17/2020,9/17/2020
253503bdc21,9/2/2020,9/4/2020,9/13/2020,9/20/2020
0b8000b47b0,5/16/2021,5/18/2021,5/30/2021,6/2/2021
15e7100ae9b,9/3/2020,9/5/2020,9/17/2020,9/20/2020
b5a3391d0f1,9/3/2020,9/5/2020,9/19/2020,9/20/2020
e0ceb9eb70f,9/4/2020,9/5/2020,9/19/2020,9/24/2020
864504a5caa,5/13/2021,5/19/2021,5/27/2021,6/3/2021
90d0e36348e,5/13/2021,5/19/2021,6/1/2021,6/9/2021
534ffc08f5c,5/16/2021,5/19/2021,5/29/2021,6/2/2021
c46d7819c55,5/16/2021,5/19/2021,5/27/2021,6/4/2021
aab467ccda8,4/11/2019,4/13/2019,4/20/2019,4/28/2019
fdff37223f4,9/5/2020,9/6/2020,9/19/2020,9/25/2020
cb1679a0a28,5/16/2021,5/20/2021,5/27/2021,6/2/2021
08fdf587844,4/10/2019,4/14/2019,4/25/2019,4/26/2019
fef153d658a,9/4/2020,9/7/2020,9/17/2020,9/25/2020
6902a65ed17,9/5/2020,9/7/2020,9/21/2020,9/21/2020
a226173520f,9/6/2020,9/7/2020,9/19/2020,9/26/2020
73630229639,5/16/2021,5/21/2021,5/31/2021,6/7/2021
6e8eda5898d,5/17/2021,5/21/2021,6/4/2021,6/12/2021
194e6287285,5/18/2021,5/21/2021,6/2/2021,6/6/2021
9cfada9671c,9/3/2020,9/8/2020,9/22/2020,9/27/2020
b9aec06b151,5/16/2021,5/22/2021,5/29/2021,6/4/2021
9fde382f746,4/10/2019,4/16/2019,4/27/2019,5/4/2019
3124306911c,4/14/2019,4/16/2019,4/28/2019,5/5/2019
5b51b61591f,12/27/2019,12/28/2019,1/11/2020,1/19/2020
9dd1b5d7abd,9/3/2020,9/9/2020,9/20/2020,9/24/2020
19c40b93a01,5/18/2021,5/23/2021,6/4/2021,6/13/2021
ff8754f37b4,5/18/2021,5/23/2021,6/2/2021,6/3/2021
8525d0c42c2,5/19/2021,5/23/2021,6/6/2021,6/11/2021
4072bd82aa9,5/20/2021,5/23/2021,6/6/2021,6/14/2021
e3605a2a65d,5/22/2021,5/23/2021,5/31/2021,6/8/2021
4844d9cc89f,9/7/2020,9/10/2020,9/17/2020,9/24/2020
c56ce0d540c,5/19/2021,5/24/2021,6/4/2021,6/11/2021
6ea05cf2c15,5/20/2021,5/24/2021,5/31/2021,6/5/2021
79478bd2a05,5/23/2021,5/24/2021,6/1/2021,6/9/2021
0a18944c241,12/29/2019,12/30/2019,1/6/2020,1/14/2020
6b41619ddd7,9/5/2020,9/11/2020,9/24/2020,9/27/2020
6f390f60d4d,9/5/2020,9/11/2020,9/23/2020,9/25/2020
1d7aa151d5c,9/6/2020,9/11/2020,9/20/2020,9/23/2020
c708346ab03,9/10/2020,9/11/2020,9/23/2020,9/28/2020
d294176364e,9/10/2020,9/11/2020,9/19/2020,9/28/2020
3986cf787db,5/21/2021,5/25/2021,6/2/2021,6/6/2021
71b06281697,4/13/2019,4/19/2019,5/2/2019,5/3/2019
38aa390955c,9/6/2020,9/12/2020,9/21/2020,9/22/2020
7b8d47d065a,9/9/2020,9/12/2020,9/26/2020,9/30/2020
1dcadf1204e,9/9/2020,9/12/2020,9/23/2020,9/25/2020
ae3570101ca,9/11/2020,9/12/2020,9/26/2020,9/29/2020
735d1ed5d65,5/21/2021,5/26/2021,6/3/2021,6/12/2021
a35cbb4e6dd,5/23/2021,5/26/2021,6/2/2021,6/8/2021
7188551b9ee,4/15/2019,4/20/2019,4/30/2019,5/8/2019
8e2bd55ee53,4/16/2019,4/21/2019,4/29/2019,5/2/2019
444e76d93ad,12/28/2019,1/2/2020,1/11/2020,1/14/2020
ab67a2e0ae5,9/8/2020,9/14/2020,9/28/2020,9/30/2020
f9558d75d96,5/23/2021,5/28/2021,6/11/2021,6/17/2021
26c573825f7,5/25/2021,5/28/2021,6/11/2021,6/20/2021
c9bd31e5a84,12/28/2019,1/3/2020,1/17/2020,1/24/2020
afada51d74d,12/30/2019,1/3/2020,1/11/2020,1/17/2020
1c357ef0beb,9/9/2020,9/15/2020,9/23/2020,9/26/2020
9e926ee4aee,9/10/2020,9/15/2020,9/23/2020,9/27/2020
60eeff28498,5/23/2021,5/29/2021,6/5/2021,6/8/2021
025462808f5,5/27/2021,5/29/2021,6/9/2021,6/18/2021
344674df67d,4/20/2019,4/23/2019,5/1/2019,5/6/2019
882fedee012,4/22/2019,4/23/2019,5/7/2019,5/15/2019
ec0e9bdefc3,1/2/2020,1/4/2020,1/18/2020,1/27/2020
363cdae379b,9/10/2020,9/16/2020,9/24/2020,9/30/2020
3ede4d4f113,9/11/2020,9/16/2020,9/30/2020,10/2/2020
42755ac8eee,9/12/2020,9/16/2020,9/30/2020,10/1/2020
bce37b4bd43,4/19/2019,4/24/2019,5/7/2019,5/7/2019
d93a6a37b72,1/2/2020,1/5/2020,1/14/2020,1/20/2020
006b12955f1,1/4/2020,1/5/2020,1/18/2020,1/25/2020
20b1969827a,1/4/2020,1/5/2020,1/14/2020,1/21/2020
a69ee224e14,9/11/2020,9/17/2020,9/28/2020,9/28/2020
9ab14a6eedf,9/11/2020,9/17/2020,9/26/2020,9/30/2020
e33b16bd703,9/14/2020,9/17/2020,9/28/2020,10/2/2020
b8e3bc0d5df,5/27/2021,5/31/2021,6/10/2021,6/13/2021
5f233735511,4/19/2019,4/25/2019,5/5/2019,5/13/2019
dbdcf12c383,1/4/2020,1/6/2020,1/19/2020,1/24/2020
595684a852f,5/26/2021,6/1/2021,6/12/2021,6/18/2021
d80bf3aea1f,4/21/2019,4/26/2019,5/10/2019,5/13/2019
174dd534bff,1/5/2020,1/7/2020,1/20/2020,1/22/2020
e889af51f12,9/18/2020,9/19/2020,10/1/2020,10/4/2020
756954d92f9,5/30/2021,6/2/2021,6/11/2021,6/16/2021
21da00cae25,4/26/2019,4/27/2019,5/9/2019,5/17/2019
28e64cb4dc2,1/4/2020,1/8/2020,1/21/2020,1/26/2020
08902ed7362,1/6/2020,1/8/2020,1/16/2020,1/22/2020
f8d7f37fb2a,9/17/2020,9/20/2020,9/29/2020,10/7/2020
d598f1ef63d,5/29/2021,6/3/2021,6/16/2021,6/24/2021
a00f19ebee7,5/30/2021,6/3/2021,6/14/2021,6/17/2021
f929cf2cffc,6/1/2021,6/3/2021,6/17/2021,6/25/2021
91521c53676,4/22/2019,4/28/2019,5/9/2019,5/12/2019
b13f98c7935,1/4/2020,1/9/2020,1/22/2020,1/24/2020
bdfaeb02926,1/5/2020,1/9/2020,1/20/2020,1/24/2020
5c67c86d218,9/18/2020,9/21/2020,10/5/2020,10/6/2020
53e36e6bc2b,9/20/2020,9/21/2020,10/3/2020,10/11/2020
7238ab9f756,5/29/2021,6/4/2021,6/17/2021,6/20/2021
691b02c2dbc,4/24/2019,4/29/2019,5/12/2019,5/15/2019
f271c661bae,4/24/2019,4/29/2019,5/12/2019,5/20/2019
a5f4f1673c2,1/5/2020,1/10/2020,1/19/2020,1/24/2020
9ba349ec232,1/8/2020,1/10/2020,1/20/2020,1/26/2020
ac574f8dc08,5/31/2021,6/5/2021,6/15/2021,6/20/2021
4d274e1e593,6/3/2021,6/5/2021,6/12/2021,6/19/2021
f88c5cf75e7,4/25/2019,4/30/2019,5/10/2019,5/17/2019
d1230de6ac5,4/26/2019,4/30/2019,5/13/2019,5/18/2019
f4ec584a8bb,1/5/2020,1/11/2020,1/23/2020,1/30/2020
87c5a2e30de,1/5/2020,1/11/2020,1/22/2020,1/27/2020
118849c54ce,1/5/2020,1/11/2020,1/22/2020,1/24/2020
925304be214,1/6/2020,1/11/2020,1/23/2020,1/30/2020
4debc4aff98,1/7/2020,1/11/2020,1/22/2020,1/30/2020
df519d29550,6/1/2021,6/6/2021,6/16/2021,6/18/2021
4a8b19ac59f,6/3/2021,6/6/2021,6/15/2021,6/19/2021
05938a9b3c0,6/3/2021,6/6/2021,6/19/2021,6/27/2021
1b133d0949e,1/8/2020,1/12/2020,1/23/2020,1/31/2020
09a3f92c880,1/11/2020,1/12/2020,1/26/2020,2/2/2020
04156b92dac,9/18/2020,9/24/2020,10/7/2020,10/8/2020
b9193195f32,9/21/2020,9/24/2020,10/1/2020,10/9/2020
53dfe615721,9/21/2020,9/24/2020,10/8/2020,10/12/2020
fed2bd674a7,6/1/2021,6/7/2021,6/18/2021,6/19/2021
81ec80ccc15,6/2/2021,6/7/2021,6/17/2021,6/22/2021
a0a228facc6,6/3/2021,6/7/2021,6/18/2021,6/25/2021
c416270fc53,9/19/2020,9/25/2020,10/3/2020,10/9/2020
577b4daf529,9/19/2020,9/25/2020,10/9/2020,10/12/2020
c8ad6d63fce,4/27/2019,5/3/2019,5/16/2019,5/18/2019
8ed3be44bc8,1/11/2020,1/15/2020,1/26/2020,2/3/2020
7a8115b7f3e,1/13/2020,1/15/2020,1/26/2020,1/30/2020
a56c4317a86,9/23/2020,9/27/2020,10/11/2020,10/19/2020
b832f357c4c,6/4/2021,6/10/2021,6/24/2021,6/29/2021
cb2549bc169,5/2/2019,5/5/2019,5/18/2019,5/23/2019
c3df33ef98d,9/22/2020,9/28/2020,10/11/2020,10/14/2020
2d365eef9e4,9/27/2020,9/28/2020,10/12/2020,10/19/2020
a964f3dcea9,6/6/2021,6/11/2021,6/22/2021,6/26/2021
cef61f1e308,6/6/2021,6/11/2021,6/18/2021,6/25/2021
630e408423f,6/6/2021,6/11/2021,6/24/2021,6/26/2021
77ab79ada2e,6/7/2021,6/11/2021,6/25/2021,6/27/2021
a20ebb1981b,1/12/2020,1/17/2020,1/27/2020,2/5/2020
b70f8204caf,9/26/2020,9/29/2020,10/13/2020,10/21/2020
2b59a8b011a,6/6/2021,6/12/2021,6/23/2021,6/23/2021
60cb7a29aaa,5/2/2019,5/7/2019,5/16/2019,5/25/2019
f0c6351e4da,9/24/2020,9/30/2020,10/9/2020,10/13/2020
9bd2eab5361,9/24/2020,9/30/2020,10/12/2020,10/15/2020
c89eccbfb2a,5/2/2019,5/8/2019,5/18/2019,5/24/2019
e36ff94b7b6,9/26/2020,10/1/2020,10/13/2020,10/16/2020
31b24744a60,9/26/2020,10/2/2020,10/9/2020,10/13/2020
a0f64b80f83,9/26/2020,10/2/2020,10/11/2020,10/12/2020
29e3fb44cfc,9/26/2020,10/2/2020,10/14/2020,10/21/2020
60fa7580075,1/15/2020,1/21/2020,1/28/2020,2/1/2020
8d728269d3c,1/20/2020,1/21/2020,2/2/2020,2/7/2020
acb2e113592,9/27/2020,10/3/2020,10/17/2020,10/25/2020
0e0d7b6e1cf,9/30/2020,10/3/2020,10/17/2020,10/20/2020
a6e8fc6ba8d,5/6/2019,5/11/2019,5/21/2019,5/28/2019
34fe09291ef,1/21/2020,1/22/2020,2/1/2020,2/8/2020
715fc7f9042,10/3/2020,10/4/2020,10/18/2020,10/26/2020
637bd5bb2aa,5/10/2019,5/12/2019,5/26/2019,5/26/2019
6f834215275,1/18/2020,1/23/2020,2/5/2020,2/8/2020
8d8da4e8d90,10/3/2020,10/5/2020,10/18/2020,10/23/2020
a972ddc9e22,6/13/2021,6/18/2021,6/26/2021,7/2/2021
2a800d075ed,10/2/2020,10/6/2020,10/17/2020,10/22/2020
1cef83aebae,10/2/2020,10/6/2020,10/14/2020,10/19/2020
1a6965aa9d8,10/5/2020,10/6/2020,10/19/2020,10/25/2020
ccdc8916b0b,5/13/2019,5/14/2019,5/27/2019,6/5/2019
4b642f614b1,1/19/2020,1/25/2020,2/4/2020,2/5/2020
5c1c38b8b2a,1/21/2020,1/25/2020,2/4/2020,2/6/2020
9f77daa983b,10/3/2020,10/7/2020,10/15/2020,10/20/2020
8e49ae75fc5,10/5/2020,10/7/2020,10/19/2020,10/25/2020
9837cb3b55b,6/14/2021,6/20/2021,7/1/2021,7/6/2021
7ebe7c53b8b,1/25/2020,1/26/2020,2/7/2020,2/11/2020
cccf776b2e5,10/2/2020,10/8/2020,10/19/2020,10/25/2020
dd9348249fc,10/3/2020,10/8/2020,10/21/2020,10/26/2020
0c73b9202b5,10/4/2020,10/8/2020,10/18/2020,10/25/2020
c375bc06c20,10/4/2020,10/8/2020,10/21/2020,10/29/2020
f54fe5fc021,6/17/2021,6/21/2021,7/3/2021,7/12/2021
8f192f879cb,10/3/2020,10/9/2020,10/21/2020,10/24/2020
1f5472e80eb,10/5/2020,10/9/2020,10/19/2020,10/25/2020
a65a650fe0d,10/7/2020,10/9/2020,10/20/2020,10/27/2020
25de0f6509c,6/17/2021,6/22/2021,7/2/2021,7/4/2021
62fbe229dd3,6/18/2021,6/22/2021,6/29/2021,7/6/2021
a7586616657,6/18/2021,6/22/2021,6/30/2021,7/8/2021
aac5b578d11,6/21/2021,6/22/2021,7/2/2021,7/8/2021
e62a1d73337,5/13/2019,5/17/2019,5/31/2019,5/31/2019
7de73c7c422,5/14/2019,5/17/2019,5/28/2019,6/5/2019
5508552ce09,1/22/2020,1/28/2020,2/6/2020,2/7/2020
13101e150a2,1/23/2020,1/28/2020,2/4/2020,2/9/2020
ca26f902f91,1/24/2020,1/28/2020,2/8/2020,2/12/2020
c6ae92bfd8a,1/26/2020,1/28/2020,2/10/2020,2/17/2020
4a31368325f,10/4/2020,10/10/2020,10/19/2020,10/21/2020
a30159a8772,10/5/2020,10/10/2020,10/19/2020,10/24/2020
1e41533e4d7,10/6/2020,10/10/2020,10/24/2020,10/26/2020
f6f531266af,5/14/2019,5/18/2019,5/29/2019,6/2/2019
275e2d8204d,10/5/2020,10/11/2020,10/24/2020,10/26/2020
baf223d3699,10/5/2020,10/11/2020,10/19/2020,10/22/2020
8b99a71e858,10/6/2020,10/11/2020,10/20/2020,10/24/2020
52c8c2acd16,6/18/2021,6/24/2021,7/3/2021,7/11/2021
66d0229073d,5/17/2019,5/19/2019,5/31/2019,6/2/2019
533fa502b32,5/17/2019,5/19/2019,6/2/2019,6/4/2019
56a18f4c8db,5/18/2019,5/19/2019,5/31/2019,6/9/2019
d65671153a1,1/25/2020,1/30/2020,2/11/2020,2/11/2020
5f17c821a29,10/6/2020,10/12/2020,10/22/2020,10/26/2020
43d7ae2f168,10/6/2020,10/12/2020,10/26/2020,10/26/2020
89b7bb1c2d7,10/8/2020,10/12/2020,10/22/2020,10/26/2020
bf32a275475,1/28/2020,1/31/2020,2/14/2020,2/17/2020
0e4c818bccd,1/30/2020,1/31/2020,2/12/2020,2/18/2020
221252fc25b,10/7/2020,10/13/2020,10/26/2020,10/28/2020
9b4cabbddc3,10/8/2020,10/13/2020,10/27/2020,10/27/2020
cbd2726843c,5/17/2019,5/21/2019,5/28/2019,6/4/2019
1a0dde083d2,5/19/2019,5/21/2019,6/2/2019,6/4/2019
a763c0ff64e,5/19/2019,5/21/2019,6/2/2019,6/4/2019
6017bd1857f,10/8/2020,10/14/2020,10/21/2020,10/27/2020
51ff7aa23f6,10/13/2020,10/14/2020,10/28/2020,11/4/2020
12940131f4e,6/22/2021,6/27/2021,7/10/2021,7/10/2021
48552e4023e,5/16/2019,5/22/2019,6/3/2019,6/6/2019
cbd508111d7,5/17/2019,5/22/2019,6/5/2019,6/6/2019
e7023c6eb90,5/19/2019,5/22/2019,6/5/2019,6/8/2019
d73b45dda08,1/27/2020,2/2/2020,2/12/2020,2/18/2020
7c16baa4675,10/10/2020,10/16/2020,10/30/2020,11/3/2020
c0d82cf5893,10/14/2020,10/16/2020,10/26/2020,11/4/2020
3d65ee1d621,10/15/2020,10/16/2020,10/30/2020,10/31/2020
ac030f78526,6/25/2021,6/29/2021,7/12/2021,7/19/2021
53eb665dc20,1/29/2020,2/4/2020,2/14/2020,2/19/2020
d27f93d70ec,10/12/2020,10/17/2020,10/27/2020,10/28/2020
03ac94cda5c,10/13/2020,10/17/2020,10/24/2020,10/30/2020
a5be9c216e6,2/2/2020,2/5/2020,2/18/2020,2/24/2020
7ef30e52817,2/3/2020,2/5/2020,2/18/2020,2/25/2020
23e43679f11,10/15/2020,10/18/2020,10/27/2020,11/5/2020
caaa5399c02,10/17/2020,10/18/2020,10/31/2020,11/3/2020
4c70b57f6b5,6/27/2021,7/1/2021,7/13/2021,7/16/2021
5fc5ee326a3,2/4/2020,2/6/2020,2/17/2020,2/21/2020
56e0f98e049,10/13/2020,10/19/2020,10/27/2020,10/31/2020
63bc48dd0ee,10/18/2020,10/19/2020,11/2/2020,11/8/2020
3447f6f0f40,10/18/2020,10/19/2020,11/1/2020,11/4/2020
72e1fbae273,5/23/2019,5/27/2019,6/8/2019,6/14/2019
10a98a292c6,2/6/2020,2/7/2020,2/17/2020,2/25/2020
8e4fdedf6bb,10/14/2020,10/20/2020,10/31/2020,11/7/2020
cf56989fff0,10/16/2020,10/20/2020,11/2/2020,11/8/2020
cbb47ea3229,10/17/2020,10/20/2020,10/31/2020,11/6/2020
9fa7016ac9b,7/1/2021,7/3/2021,7/15/2021,7/22/2021
eae7f36e13d,2/3/2020,2/8/2020,2/16/2020,2/21/2020
8ab3246397d,2/3/2020,2/8/2020,2/22/2020,3/1/2020
f1cce5bafbb,2/5/2020,2/8/2020,2/16/2020,2/25/2020
ffca9160561,2/7/2020,2/8/2020,2/21/2020,2/25/2020
1707e8371d8,10/16/2020,10/21/2020,11/3/2020,11/5/2020
629119b870c,2/3/2020,2/9/2020,2/23/2020,2/26/2020
4bc478b50db,2/5/2020,2/9/2020,2/20/2020,2/27/2020
b4c13cb6fb4,2/6/2020,2/9/2020,2/21/2020,3/1/2020
17c0e18001d,2/6/2020,2/9/2020,2/23/2020,2/29/2020
aa4f2d0e3d6,10/19/2020,10/22/2020,11/5/2020,11/13/2020
50418957fcd,10/20/2020,10/22/2020,11/2/2020,11/7/2020
06579f894c2,5/24/2019,5/30/2019,6/10/2019,6/15/2019
515c21a8cba,5/26/2019,5/30/2019,6/13/2019,6/20/2019
ea22405ccd4,2/8/2020,2/10/2020,2/18/2020,2/27/2020
89e8ee49a77,10/18/2020,10/23/2020,11/3/2020,11/10/2020
a7ebda27f18,10/19/2020,10/23/2020,11/3/2020,11/8/2020
5cce6dc6963,10/20/2020,10/23/2020,10/31/2020,11/7/2020
7908abdfbe0,10/20/2020,10/23/2020,11/2/2020,11/9/2020
ddd641d6d7c,10/20/2020,10/23/2020,11/6/2020,11/11/2020
a08921aae9e,10/21/2020,10/23/2020,10/30/2020,11/6/2020
b9c65cd6f79,7/2/2021,7/6/2021,7/17/2021,7/24/2021
bdb457fce93,5/29/2019,5/31/2019,6/14/2019,6/19/2019
fd28b10d7e7,2/5/2020,2/11/2020,2/24/2020,2/27/2020
5a18a83efd6,2/5/2020,2/11/2020,2/22/2020,2/25/2020
b3fb38a4738,2/5/2020,2/11/2020,2/25/2020,2/26/2020
7d13f52ddf2,2/8/2020,2/11/2020,2/24/2020,2/27/2020
c001b39a106,2/10/2020,2/11/2020,2/25/2020,2/28/2020
38d6f4cd897,10/21/2020,10/24/2020,11/2/2020,11/8/2020
b5ee8e993f7,7/2/2021,7/7/2021,7/20/2021,7/23/2021
4b5220d11b9,5/26/2019,6/1/2019,6/11/2019,6/20/2019
24c782a1156,5/30/2019,6/1/2019,6/14/2019,6/20/2019
19cd14e714d,2/6/2020,2/12/2020,2/22/2020,2/25/2020
6a7c0b006dd,2/7/2020,2/12/2020,2/19/2020,2/24/2020
324711c8b5c,2/8/2020,2/12/2020,2/24/2020,2/25/2020
7f85f208c7b,2/8/2020,2/12/2020,2/25/2020,3/4/2020
447b0921d43,2/10/2020,2/12/2020,2/26/2020,2/29/2020
9d062a61c80,2/11/2020,2/12/2020,2/25/2020,2/27/2020
d512563908b,10/19/2020,10/25/2020,11/5/2020,11/6/2020
ad2dd7729ba,10/20/2020,10/25/2020,11/7/2020,11/9/2020
ec93055fe08,7/4/2021,7/8/2021,7/22/2021,7/23/2021
a8982d88bba,7/4/2021,7/8/2021,7/21/2021,7/22/2021
5a97b5d5260,7/5/2021,7/8/2021,7/18/2021,7/22/2021
aab6026cd41,7/5/2021,7/8/2021,7/17/2021,7/23/2021
264eaed636b,7/6/2021,7/8/2021,7/22/2021,7/24/2021
c4b49ab71ea,2/8/2020,2/13/2020,2/25/2020,2/29/2020
505e1852703,2/10/2020,2/13/2020,2/26/2020,3/3/2020
771d5857957,10/21/2020,10/26/2020,11/5/2020,11/8/2020
8cf563f7de7,10/22/2020,10/26/2020,11/8/2020,11/12/2020
a62fa9b3786,10/25/2020,10/26/2020,11/6/2020,11/12/2020
982bb16fb29,7/3/2021,7/9/2021,7/16/2021,7/22/2021
e6b9e2af341,7/5/2021,7/9/2021,7/18/2021,7/27/2021
c5030165109,7/5/2021,7/9/2021,7/20/2021,7/23/2021
029d69c29a9,2/9/2020,2/14/2020,2/23/2020,2/27/2020
7774487a70d,2/13/2020,2/14/2020,2/25/2020,3/3/2020
2dcca829320,10/23/2020,10/27/2020,11/7/2020,11/16/2020
40e9514dfe7,10/23/2020,10/27/2020,11/4/2020,11/8/2020
03d2d0ae1e3,10/24/2020,10/27/2020,11/5/2020,11/11/2020
42526ea144d,7/4/2021,7/10/2021,7/20/2021,7/21/2021
d23c16208d6,2/10/2020,2/15/2020,2/24/2020,2/28/2020
003de6e29c0,2/10/2020,2/15/2020,2/26/2020,2/27/2020
41289477668,2/14/2020,2/15/2020,2/27/2020,3/4/2020
f1cf8c9d13d,10/22/2020,10/28/2020,11/10/2020,11/18/2020
8cfb3a87814,10/22/2020,10/28/2020,11/9/2020,11/9/2020
44f1e919578,10/24/2020,10/28/2020,11/11/2020,11/14/2020
7923a873b98,10/25/2020,10/28/2020,11/9/2020,11/16/2020
8019857ae05,10/26/2020,10/28/2020,11/11/2020,11/20/2020
dd859752dae,7/5/2021,7/11/2021,7/25/2021,7/25/2021
f24a398a9d3,2/11/2020,2/16/2020,2/24/2020,2/27/2020
9a240c9092c,10/23/2020,10/29/2020,11/11/2020,11/13/2020
3a76eb250d2,10/23/2020,10/29/2020,11/9/2020,11/12/2020
89199f24064,10/23/2020,10/29/2020,11/7/2020,11/14/2020
16760961eca,10/24/2020,10/29/2020,11/9/2020,11/10/2020
b3b8dd95176,10/24/2020,10/29/2020,11/10/2020,11/14/2020
05fe810e875,10/26/2020,10/29/2020,11/9/2020,11/14/2020
6833c268de7,10/26/2020,10/29/2020,11/12/2020,11/19/2020
3442908fe5b,10/26/2020,10/29/2020,11/12/2020,11/17/2020
ae4bc67fbbc,10/26/2020,10/29/2020,11/10/2020,11/14/2020
4c6d3280c29,7/6/2021,7/12/2021,7/19/2021,7/22/2021
07344f144fb,6/1/2019,6/6/2019,6/20/2019,6/29/2019
56c6ced35ea,2/12/2020,2/17/2020,2/28/2020,3/2/2020
e407f69e3b8,2/14/2020,2/17/2020,2/27/2020,3/1/2020
6be8c5f7a1a,10/27/2020,10/30/2020,11/7/2020,11/15/2020
e7679948c29,10/28/2020,10/30/2020,11/12/2020,11/17/2020
8242419e9f6,6/3/2019,6/7/2019,6/17/2019,6/21/2019
3ee324019d6,10/25/2020,10/31/2020,11/11/2020,11/14/2020
6fd3a78d6ac,10/30/2020,10/31/2020,11/7/2020,11/15/2020
f9df5f6c4f9,2/15/2020,2/19/2020,3/2/2020,3/2/2020
8252380df84,10/27/2020,11/1/2020,11/11/2020,11/14/2020
21e4769d608,10/27/2020,11/1/2020,11/12/2020,11/14/2020
45929464ec4,10/29/2020,11/1/2020,11/14/2020,11/21/2020
eaa34f8ff1c,2/16/2020,2/20/2020,3/2/2020,3/5/2020
0896a5ea6ff,2/16/2020,2/20/2020,2/27/2020,3/5/2020
084651ddfc1,2/17/2020,2/20/2020,3/1/2020,3/9/2020
1d6f0b1b941,2/18/2020,2/20/2020,2/28/2020,3/8/2020
e0326b121cd,10/27/2020,11/2/2020,11/10/2020,11/18/2020
4983e44f575,6/4/2019,6/10/2019,6/17/2019,6/25/2019
df73287e82b,2/18/2020,2/21/2020,2/29/2020,3/6/2020
d64d2bb7bb5,10/28/2020,11/3/2020,11/12/2020,11/20/2020
9f9670f86b8,10/29/2020,11/3/2020,11/16/2020,11/20/2020
f3d8fb7ba95,11/2/2020,11/3/2020,11/17/2020,11/24/2020
9fdd92e7c36,6/10/2019,6/11/2019,6/22/2019,6/27/2019
25938f992a5,2/16/2020,2/22/2020,3/3/2020,3/8/2020
0a221ef38b0,2/17/2020,2/22/2020,3/6/2020,3/11/2020
3b24fd6b5c1,2/18/2020,2/22/2020,3/2/2020,3/6/2020
60017a8e034,6/7/2019,6/12/2019,6/25/2019,7/2/2019
e56b45dae6c,2/17/2020,2/23/2020,3/3/2020,3/12/2020
26b8aaf3dc1,2/19/2020,2/23/2020,3/4/2020,3/6/2020
99850335b7f,2/22/2020,2/23/2020,3/5/2020,3/11/2020
4b2b5e2744f,2/22/2020,2/23/2020,3/6/2020,3/13/2020
fcaab351157,2/22/2020,2/23/2020,3/7/2020,3/12/2020
109d467b58a,10/30/2020,11/5/2020,11/18/2020,11/21/2020
055d7440284,11/4/2020,11/5/2020,11/18/2020,11/25/2020
89a86bf2074,6/10/2019,6/13/2019,6/23/2019,7/1/2019
d936cc6f424,2/19/2020,2/24/2020,3/6/2020,3/9/2020
cc9b889b29b,2/24/2020,2/25/2020,3/10/2020,3/16/2020
4d2949d43b5,11/3/2020,11/7/2020,11/17/2020,11/22/2020
fbf8ffd887e,2/23/2020,2/26/2020,3/4/2020,3/10/2020
2c0f38a5423,11/6/2020,11/8/2020,11/21/2020,11/28/2020
6f4d9db08b9,6/15/2019,6/16/2019,6/27/2019,7/2/2019
2ebb2655b9f,2/23/2020,2/27/2020,3/6/2020,3/12/2020
1cd748ac853,2/23/2020,2/27/2020,3/10/2020,3/13/2020
6d4b94f626f,2/24/2020,2/27/2020,3/10/2020,3/12/2020
84093eb82c3,2/25/2020,2/27/2020,3/5/2020,3/14/2020
b022c83438b,11/4/2020,11/9/2020,11/16/2020,11/24/2020
5f37a022336,11/5/2020,11/9/2020,11/23/2020,11/30/2020
0e8721b2e14,11/7/2020,11/9/2020,11/22/2020,11/23/2020
760dae92c96,11/4/2020,11/10/2020,11/23/2020,11/26/2020
ee500a61b66,11/4/2020,11/10/2020,11/23/2020,11/29/2020
d81ba502976,11/5/2020,11/10/2020,11/23/2020,11/23/2020
f4ec38b93d5,11/6/2020,11/10/2020,11/18/2020,11/22/2020
c7ca051314a,2/23/2020,2/29/2020,3/10/2020,3/10/2020
d802527cc4b,2/24/2020,2/29/2020,3/12/2020,3/19/2020
f6bf3ff56e2,2/25/2020,2/29/2020,3/10/2020,3/14/2020
ff6fcc3d52f,11/10/2020,11/11/2020,11/22/2020,11/29/2020
03f4e0e22e6,2/26/2020,3/1/2020,3/10/2020,3/18/2020
caecdaf9b74,11/6/2020,11/12/2020,11/26/2020,12/2/2020
0e1e2978ba9,11/8/2020,11/12/2020,11/23/2020,11/30/2020
3b6e8d7a324,11/10/2020,11/12/2020,11/26/2020,12/3/2020
71dd2b13590,6/17/2019,6/20/2019,7/3/2019,7/8/2019
9202a554b66,2/25/2020,3/2/2020,3/11/2020,3/14/2020
07e535cd526,11/7/2020,11/13/2020,11/22/2020,11/25/2020
a8f1a7382a1,11/9/2020,11/13/2020,11/25/2020,12/2/2020
c7c6c6fad16,2/26/2020,3/3/2020,3/11/2020,3/18/2020
f363720b368,3/1/2020,3/3/2020,3/17/2020,3/21/2020
963e4683678,11/10/2020,11/14/2020,11/21/2020,11/26/2020
442647925a3,11/10/2020,11/14/2020,11/24/2020,11/29/2020
0e05fb7e265,2/28/2020,3/4/2020,3/18/2020,3/22/2020
aa512216583,11/10/2020,11/15/2020,11/22/2020,11/27/2020
00b0676a64e,11/14/2020,11/15/2020,11/28/2020,12/4/2020
da6d3ce8deb,6/19/2019,6/23/2019,7/6/2019,7/13/2019
1838078690b,11/11/2020,11/16/2020,11/29/2020,12/1/2020
d61e0250cc2,11/11/2020,11/16/2020,11/29/2020,12/2/2020
447aa61a845,11/12/2020,11/16/2020,11/29/2020,12/2/2020
efa1f2838a6,11/14/2020,11/16/2020,11/25/2020,11/30/2020
15064ca98da,3/1/2020,3/6/2020,3/17/2020,3/18/2020
564a22b90e6,3/4/2020,3/6/2020,3/18/2020,3/26/2020
5b4a0e7004a,3/4/2020,3/6/2020,3/19/2020,3/21/2020
c2cd9ad4134,11/13/2020,11/17/2020,11/24/2020,11/30/2020
cae8850d58d,11/13/2020,11/17/2020,11/29/2020,11/29/2020
fce3e481dce,3/2/2020,3/7/2020,3/21/2020,3/24/2020
3903653aba5,11/13/2020,11/18/2020,11/25/2020,12/4/2020
c54bc99a1b8,11/13/2020,11/18/2020,11/29/2020,12/8/2020
5785f375f90,11/14/2020,11/18/2020,11/29/2020,12/2/2020
e214ac044e5,11/14/2020,11/18/2020,11/30/2020,12/2/2020
6b41aec7de8,11/13/2020,11/19/2020,12/1/2020,12/9/2020
36dde15a49d,3/5/2020,3/9/2020,3/21/2020,3/23/2020
b86eac66a94,3/7/2020,3/9/2020,3/23/2020,3/30/2020
fc193bccc5a,11/14/2020,11/20/2020,11/29/2020,12/8/2020
cad7a280aeb,11/15/2020,11/20/2020,12/4/2020,12/6/2020
e6e5b1365bc,11/15/2020,11/20/2020,12/1/2020,12/4/2020
4e7f5624db9,11/16/2020,11/20/2020,11/27/2020,12/3/2020
6701c5aa66a,8/1/2021,8/3/2021,8/17/2021,8/23/2021
25392da9ec9,3/7/2020,3/10/2020,3/22/2020,3/30/2020
33e0e578bac,11/15/2020,11/21/2020,12/4/2020,12/9/2020
a6cd5eb55c3,11/19/2020,11/21/2020,12/3/2020,12/6/2020
d6b8e63a5b5,8/1/2021,8/4/2021,8/12/2021,8/19/2021
0f3e3cec264,3/5/2020,3/11/2020,3/25/2020,3/28/2020
5d040295bf8,3/6/2020,3/11/2020,3/25/2020,3/25/2020
7fe7a00f326,3/8/2020,3/11/2020,3/19/2020,3/27/2020
03c60a1b481,8/1/2021,8/5/2021,8/12/2021,8/18/2021
c6f6a1668ac,8/3/2021,8/5/2021,8/19/2021,8/21/2021
95b9e8432d7,6/27/2019,6/30/2019,7/14/2019,7/17/2019
8a42c610e2f,3/7/2020,3/12/2020,3/22/2020,3/26/2020
eef2a7cdfc2,11/17/2020,11/23/2020,12/4/2020,12/10/2020
eeecef521e3,8/2/2021,8/6/2021,8/20/2021,8/25/2021
3e0f1019b1d,8/3/2021,8/6/2021,8/19/2021,8/26/2021
55c20f5d2e3,6/28/2019,7/1/2019,7/9/2019,7/16/2019
86130f453b8,3/8/2020,3/13/2020,3/23/2020,3/26/2020
6897a5a3b36,3/12/2020,3/13/2020,3/27/2020,4/2/2020
c497f81734d,8/2/2021,8/7/2021,8/14/2021,8/22/2021
128b369fd47,8/3/2021,8/7/2021,8/18/2021,8/20/2021
483c102733e,8/4/2021,8/7/2021,8/17/2021,8/23/2021
1cb654edb54,11/20/2020,11/25/2020,12/2/2020,12/6/2020
b4b7db226bf,8/2/2021,8/8/2021,8/22/2021,8/22/2021
72384e9ed71,8/5/2021,8/8/2021,8/19/2021,8/26/2021
6bf9d6ff86f,3/9/2020,3/15/2020,3/23/2020,3/28/2020
71bbd12049c,3/9/2020,3/15/2020,3/29/2020,4/1/2020
a87bc66d343,3/10/2020,3/15/2020,3/28/2020,3/30/2020
9a6333aa797,8/3/2021,8/9/2021,8/21/2021,8/30/2021
b5e1bf9a47e,8/4/2021,8/9/2021,8/17/2021,8/22/2021
3f47e9c7d4c,8/4/2021,8/9/2021,8/22/2021,8/25/2021
ea83d91afde,7/1/2019,7/5/2019,7/17/2019,7/19/2019
ba8eb7617eb,7/4/2019,7/5/2019,7/15/2019,7/24/2019
12ddb2fd947,3/11/2020,3/17/2020,3/28/2020,3/30/2020
631eade1e23,3/11/2020,3/17/2020,3/31/2020,4/2/2020
4f16ec7c00d,3/13/2020,3/17/2020,3/29/2020,4/2/2020
7e386c63d51,3/13/2020,3/17/2020,3/26/2020,4/4/2020
cbad8ff7c39,3/16/2020,3/17/2020,3/30/2020,4/4/2020
121d029d123,11/27/2020,11/28/2020,12/9/2020,12/18/2020
5bab7f7437c,8/6/2021,8/11/2021,8/23/2021,8/29/2021
7203802b639,3/13/2020,3/18/2020,4/1/2020,4/4/2020
083e8bc3377,3/14/2020,3/18/2020,3/30/2020,4/1/2020
978962e75b7,3/15/2020,3/18/2020,3/26/2020,4/3/2020
1b2ee1a4e3e,3/16/2020,3/18/2020,3/31/2020,4/6/2020
82e46d3949b,7/2/2019,7/7/2019,7/16/2019,7/18/2019
fba7ff092c1,7/3/2019,7/7/2019,7/20/2019,7/27/2019
415d164adff,3/18/2020,3/19/2020,3/30/2020,4/6/2020
5343c2385ac,11/28/2020,11/30/2020,12/10/2020,12/16/2020
f554bcd244a,3/14/2020,3/20/2020,3/30/2020,4/8/2020
e13faaa2708,3/15/2020,3/20/2020,3/30/2020,4/5/2020
f07f85b749d,3/18/2020,3/20/2020,4/2/2020,4/7/2020
d7b4d719120,11/29/2020,12/1/2020,12/11/2020,12/15/2020
b4941220ec3,11/30/2020,12/1/2020,12/14/2020,12/16/2020
a5b142513ae,7/3/2019,7/9/2019,7/19/2019,7/19/2019
699beef13da,7/3/2019,7/9/2019,7/17/2019,7/20/2019
e3bf4030233,3/16/2020,3/21/2020,4/3/2020,4/6/2020
6e96cabcee0,12/1/2020,12/2/2020,12/13/2020,12/20/2020
a9a9e8d07fb,3/18/2020,3/22/2020,4/5/2020,4/5/2020
080dc2085a4,3/19/2020,3/22/2020,4/4/2020,4/7/2020
4e038bff45a,11/27/2020,12/3/2020,12/11/2020,12/14/2020
293f7f599f4,11/28/2020,12/3/2020,12/17/2020,12/25/2020
6a30899b414,3/19/2020,3/23/2020,4/3/2020,4/12/2020
96eafc86f11,3/19/2020,3/23/2020,4/6/2020,4/7/2020
7c7a98e021c,11/30/2020,12/4/2020,12/16/2020,12/21/2020
5c969f59848,12/2/2020,12/4/2020,12/14/2020,12/22/2020
9a99bc483d2,12/3/2020,12/4/2020,12/11/2020,12/19/2020
e16a4ef9312,12/3/2020,12/4/2020,12/14/2020,12/20/2020
204c9a0eb1f,3/19/2020,3/24/2020,4/1/2020,4/5/2020
75e64338758,3/20/2020,3/24/2020,4/4/2020,4/6/2020
96b651aedf5,12/4/2020,12/5/2020,12/19/2020,12/23/2020
0f36441751d,7/11/2019,7/13/2019,7/25/2019,7/27/2019
a161e316a14,3/19/2020,3/25/2020,4/7/2020,4/8/2020
514f7d51ee1,3/19/2020,3/25/2020,4/1/2020,4/7/2020
9a229d59b8e,3/20/2020,3/25/2020,4/8/2020,4/13/2020
852896c4d23,3/22/2020,3/25/2020,4/4/2020,4/11/2020
7cf76d1acbd,3/23/2020,3/25/2020,4/6/2020,4/15/2020
1fd9aec0ffc,12/3/2020,12/6/2020,12/18/2020,12/25/2020
f89aeb607da,3/20/2020,3/26/2020,4/9/2020,4/16/2020
d83dff43143,3/20/2020,3/26/2020,4/8/2020,4/14/2020
68480966234,3/22/2020,3/26/2020,4/7/2020,4/7/2020
c984c2f40c9,3/22/2020,3/26/2020,4/9/2020,4/16/2020
93fb183b4fb,3/22/2020,3/26/2020,4/9/2020,4/14/2020
c13beeea550,12/2/2020,12/7/2020,12/20/2020,12/25/2020
84f02d35957,12/4/2020,12/7/2020,12/17/2020,12/21/2020
e0815a6226a,12/4/2020,12/7/2020,12/19/2020,12/22/2020
82a12adae25,7/12/2019,7/15/2019,7/28/2019,8/3/2019
bca64328355,3/25/2020,3/27/2020,4/3/2020,4/10/2020
7905d8087bc,3/25/2020,3/27/2020,4/10/2020,4/12/2020
1f0194d21fe,3/22/2020,3/28/2020,4/11/2020,4/14/2020
314f27f677b,3/22/2020,3/28/2020,4/8/2020,4/9/2020
8dc4d1a3e8c,3/22/2020,3/28/2020,4/8/2020,4/14/2020
33bc1dc5c97,12/8/2020,12/9/2020,12/19/2020,12/27/2020
94c5943b319,3/23/2020,3/29/2020,4/7/2020,4/15/2020
29d2a84e930,3/26/2020,3/29/2020,4/12/2020,4/15/2020
2cfff7a0bb6,3/28/2020,3/29/2020,4/9/2020,4/17/2020
528bc4e64c4,12/5/2020,12/10/2020,12/18/2020,12/22/2020
cac5ba44961,12/6/2020,12/10/2020,12/19/2020,12/23/2020
c7119b131d9,12/6/2020,12/10/2020,12/23/2020,12/30/2020
a0aa7321134,7/14/2019,7/18/2019,7/25/2019,7/30/2019
b02a852b7da,3/25/2020,3/30/2020,4/8/2020,4/11/2020
49999a05e01,3/28/2020,3/30/2020,4/7/2020,4/14/2020
3094280c2e2,12/7/2020,12/11/2020,12/23/2020,1/1/2021
89535cd3620,7/14/2019,7/19/2019,7/30/2019,8/5/2019
acc8ba38348,3/25/2020,3/31/2020,4/13/2020,4/13/2020
3f492b4f245,3/26/2020,3/31/2020,4/11/2020,4/17/2020
32403b45d50,3/27/2020,3/31/2020,4/14/2020,4/21/2020
bd257716e16,3/29/2020,3/31/2020,4/14/2020,4/17/2020
057d9291c13,12/9/2020,12/12/2020,12/24/2020,12/29/2020
d0d2d3f4977,7/15/2019,7/20/2019,8/2/2019,8/5/2019
82da8244936,3/30/2020,4/1/2020,4/14/2020,4/19/2020
ecc2d9946a6,3/31/2020,4/1/2020,4/13/2020,4/22/2020
55e9e82f436,3/27/2020,4/2/2020,4/13/2020,4/17/2020
86c60067d92,3/27/2020,4/2/2020,4/13/2020,4/14/2020
fadf8c7f3ae,3/28/2020,4/2/2020,4/10/2020,4/19/2020
b2cdc1b4b98,3/31/2020,4/2/2020,4/14/2020,4/20/2020
95ad876c75b,12/9/2020,12/14/2020,12/24/2020,12/30/2020
01211b3a540,12/11/2020,12/14/2020,12/23/2020,12/31/2020
9374379b766,3/28/2020,4/3/2020,4/14/2020,4/15/2020
67a9f4576d0,3/30/2020,4/3/2020,4/17/2020,4/21/2020
03184df319a,3/30/2020,4/3/2020,4/12/2020,4/17/2020
0950389cf0e,12/12/2020,12/15/2020,12/23/2020,12/28/2020
86fa24697e9,12/13/2020,12/15/2020,12/22/2020,12/29/2020
1e271ff6b57,7/20/2019,7/23/2019,7/31/2019,8/7/2019
5a4f264916d,3/29/2020,4/4/2020,4/13/2020,4/14/2020
a57bc3ee1e7,12/10/2020,12/16/2020,12/24/2020,12/30/2020
9ba9c550543,12/15/2020,12/16/2020,12/25/2020,12/31/2020
e16a4aa9056,12/11/2020,12/17/2020,12/31/2020,1/8/2021
4ffd6c751b2,12/14/2020,12/17/2020,12/26/2020,1/1/2021
abfa65b747f,12/13/2020,12/18/2020,12/27/2020,1/5/2021
73389638173,4/3/2020,4/7/2020,4/21/2020,4/23/2020
094665ca615,12/15/2020,12/19/2020,12/29/2020,12/31/2020
d40263e6f25,7/22/2019,7/27/2019,8/8/2019,8/13/2019
e4ddeba17ab,4/2/2020,4/8/2020,4/16/2020,4/23/2020
2e9f54fc7ef,4/3/2020,4/8/2020,4/20/2020,4/29/2020
00f561e6931,9/1/2021,9/2/2021,9/9/2021,9/17/2021
9ce10ff0eda,4/3/2020,4/9/2020,4/22/2020,4/23/2020
d5f0c40cfa4,4/8/2020,4/9/2020,4/19/2020,4/26/2020
f8a289fbfc2,12/17/2020,12/21/2020,1/4/2021,1/13/2021
a38fa7d3ad6,12/17/2020,12/22/2020,1/5/2021,1/12/2021
d76f46b9d3e,9/2/2021,9/4/2021,9/16/2021,9/25/2021
870b939c2ad,9/3/2021,9/4/2021,9/16/2021,9/24/2021
bfa1f0ad0e7,4/5/2020,4/11/2020,4/20/2020,4/27/2020
e24cb1311b1,4/5/2020,4/11/2020,4/20/2020,4/29/2020
d3250ddbc12,4/7/2020,4/11/2020,4/21/2020,4/30/2020
c6bae2c5318,4/7/2020,4/11/2020,4/22/2020,5/1/2020
2a8026c8ce9,12/17/2020,12/23/2020,1/6/2021,1/9/2021
34ea59c633a,7/26/2019,7/31/2019,8/11/2019,8/13/2019
f583eab695c,4/6/2020,4/12/2020,4/23/2020,4/24/2020
9a7230ce6f7,4/7/2020,4/12/2020,4/25/2020,5/3/2020
f787e3467c6,9/1/2021,9/6/2021,9/20/2021,9/21/2021
437680d6819,4/11/2020,4/13/2020,4/27/2020,5/6/2020
8fe7e6aa234,12/20/2020,12/25/2020,1/1/2021,1/5/2021
19cd890b788,12/21/2020,12/25/2020,1/6/2021,1/11/2021
47e3c6e2a90,7/31/2019,8/2/2019,8/10/2019,8/19/2019
79bf6514eab,4/8/2020,4/14/2020,4/22/2020,4/29/2020
a16209a6cf4,4/11/2020,4/14/2020,4/22/2020,4/27/2020
26ed5115594,4/11/2020,4/14/2020,4/26/2020,5/3/2020
5f5dbded504,12/22/2020,12/26/2020,1/8/2021,1/12/2021
eedfcbc1e4e,12/24/2020,12/26/2020,1/2/2021,1/10/2021
9e92a3c52e1,9/3/2021,9/8/2021,9/15/2021,9/21/2021
979f549faab,9/3/2021,9/8/2021,9/21/2021,9/23/2021
4c3156b2e5c,9/4/2021,9/8/2021,9/22/2021,9/24/2021
69d3e85f787,9/6/2021,9/8/2021,9/20/2021,9/28/2021
e5cc4988bb8,9/3/2021,9/9/2021,9/17/2021,9/23/2021
c21316457cd,9/4/2021,9/9/2021,9/19/2021,9/20/2021
e4b5f28c72e,9/4/2021,9/9/2021,9/20/2021,9/27/2021
b49dd5d003d,9/5/2021,9/9/2021,9/16/2021,9/22/2021
a944e55c28f,7/29/2019,8/4/2019,8/15/2019,8/24/2019
248aa59914c,4/11/2020,4/16/2020,4/26/2020,5/3/2020
1e8221627ce,9/4/2021,9/10/2021,9/21/2021,9/28/2021
43c2940e712,9/5/2021,9/10/2021,9/24/2021,9/26/2021
9b51b89312d,4/13/2020,4/17/2020,5/1/2020,5/4/2020
5954abf85eb,4/13/2020,4/17/2020,4/30/2020,5/9/2020
2695517335f,12/28/2020,12/29/2020,1/12/2021,1/17/2021
c0d57b58f63,9/5/2021,9/11/2021,9/22/2021,9/28/2021
18c83951140,4/13/2020,4/18/2020,4/28/2020,5/6/2020
e48b3139c58,4/13/2020,4/18/2020,5/2/2020,5/9/2020
a832cb999c7,4/14/2020,4/18/2020,4/27/2020,5/4/2020
904ab1cbc57,4/15/2020,4/18/2020,4/30/2020,5/6/2020
e5b4071e12c,4/16/2020,4/19/2020,4/30/2020,5/8/2020
93f7f567f98,4/18/2020,4/19/2020,5/2/2020,5/9/2020
310598c7ba8,4/14/2020,4/20/2020,4/29/2020,5/7/2020
d04ae7615a3,4/16/2020,4/20/2020,4/28/2020,5/4/2020
11a8b89654f,4/16/2020,4/20/2020,5/2/2020,5/9/2020
7df31804fe3,4/19/2020,4/20/2020,5/1/2020,5/5/2020
e454ed76f73,12/27/2020,1/1/2021,1/15/2021,1/22/2021
8d5db59af17,4/15/2020,4/21/2020,4/28/2020,5/4/2020
139222114d3,4/18/2020,4/21/2020,4/28/2020,5/4/2020
76e34e1a313,4/18/2020,4/21/2020,5/1/2020,5/4/2020
0c835577b61,4/18/2020,4/21/2020,5/5/2020,5/6/2020
3d3ac0fd591,1/1/2021,1/2/2021,1/9/2021,1/18/2021
06476978a1c,8/9/2019,8/10/2019,8/22/2019,8/27/2019
a1faf48f660,4/17/2020,4/22/2020,5/4/2020,5/8/2020
1d82da2ad5d,1/1/2021,1/3/2021,1/16/2021,1/25/2021
60d8eb9bf5e,4/18/2020,4/23/2020,5/7/2020,5/8/2020
ca7afe2057a,4/19/2020,4/23/2020,5/6/2020,5/14/2020
261fc1f2e23,4/21/2020,4/23/2020,5/7/2020,5/16/2020
6732ce49d54,4/22/2020,4/23/2020,5/4/2020,5/9/2020
8d3fe36a060,12/29/2020,1/4/2021,1/17/2021,1/20/2021
a152df05f5d,12/30/2020,1/4/2021,1/15/2021,1/16/2021
e02db5a671b,12/30/2020,1/4/2021,1/11/2021,1/18/2021
1365bf2c9ee,1/1/2021,1/4/2021,1/14/2021,1/22/2021
e6389d860ff,4/19/2020,4/24/2020,5/8/2020,5/11/2020
238c1410b1b,4/19/2020,4/24/2020,5/4/2020,5/6/2020
b242a7882ae,4/20/2020,4/24/2020,5/7/2020,5/16/2020
3c60c372128,4/20/2020,4/24/2020,5/8/2020,5/13/2020
0b3dee4aebd,4/20/2020,4/24/2020,5/8/2020,5/11/2020
f32e9d26cae,4/22/2020,4/24/2020,5/7/2020,5/10/2020
938a58d0646,12/30/2020,1/5/2021,1/13/2021,1/22/2021
c5aabfced11,12/31/2020,1/5/2021,1/16/2021,1/17/2021
c0a3d1d1e3e,1/2/2021,1/5/2021,1/18/2021,1/26/2021
9852298556c,1/3/2021,1/5/2021,1/17/2021,1/21/2021
abbfd79b6e0,1/3/2021,1/5/2021,1/13/2021,1/20/2021
9773d56785a,1/4/2021,1/5/2021,1/19/2021,1/27/2021
3727892699f,1/4/2021,1/5/2021,1/13/2021,1/22/2021
1dfb9554157,8/12/2019,8/13/2019,8/21/2019,8/30/2019
c01e8dc211d,4/19/2020,4/25/2020,5/8/2020,5/12/2020
15bd5467c10,1/1/2021,1/6/2021,1/13/2021,1/21/2021
db8bbce7849,1/2/2021,1/6/2021,1/13/2021,1/20/2021
363976fd00c,1/3/2021,1/6/2021,1/20/2021,1/24/2021
695958ce336,1/5/2021,1/6/2021,1/16/2021,1/24/2021
37d083319a7,4/20/2020,4/26/2020,5/6/2020,5/12/2020
8f88d479e5c,4/21/2020,4/26/2020,5/7/2020,5/14/2020
48446e705c9,4/21/2020,4/26/2020,5/5/2020,5/9/2020
656c499a667,4/24/2020,4/26/2020,5/3/2020,5/10/2020
3f8f927af99,4/24/2020,4/26/2020,5/8/2020,5/17/2020
edc0e7c7cb0,1/1/2021,1/7/2021,1/18/2021,1/20/2021
40b717ea21a,1/1/2021,1/7/2021,1/16/2021,1/25/2021
543dd581cee,1/2/2021,1/7/2021,1/21/2021,1/22/2021
8412c580194,8/12/2019,8/15/2019,8/25/2019,9/2/2019
5559cc46b55,4/21/2020,4/27/2020,5/6/2020,5/10/2020
e9d55fbe286,4/23/2020,4/27/2020,5/10/2020,5/14/2020
d4beb66069c,1/3/2021,1/8/2021,1/21/2021,1/28/2021
0d8d07f1203,1/4/2021,1/8/2021,1/18/2021,1/27/2021
510853f8d54,1/4/2021,1/8/2021,1/16/2021,1/25/2021
3f66d43f23c,1/6/2021,1/8/2021,1/22/2021,1/27/2021
d65cf23cff2,4/24/2020,4/28/2020,5/12/2020,5/15/2020
33dad180118,4/26/2020,4/28/2020,5/8/2020,5/14/2020
25ea057c2ee,4/27/2020,4/28/2020,5/11/2020,5/20/2020
96da6c273c7,1/3/2021,1/9/2021,1/17/2021,1/26/2021
81c60eef805,1/3/2021,1/9/2021,1/20/2021,1/28/2021
e5d680e7832,1/3/2021,1/9/2021,1/22/2021,1/23/2021
29716029dc8,1/3/2021,1/9/2021,1/23/2021,1/27/2021
1b1942203d9,1/4/2021,1/9/2021,1/23/2021,1/24/2021
b32c4a7c6d5,1/6/2021,1/9/2021,1/19/2021,1/23/2021
f5a2a3b8dda,8/11/2019,8/17/2019,8/27/2019,8/30/2019
28a0c0cf725,4/26/2020,4/29/2020,5/9/2020,5/15/2020
6e593e26789,4/26/2020,4/29/2020,5/8/2020,5/14/2020
a8b62c7e953,4/27/2020,4/29/2020,5/12/2020,5/16/2020
06fb7476b3b,4/28/2020,4/29/2020,5/12/2020,5/15/2020
c1d70c5d0a4,1/5/2021,1/10/2021,1/18/2021,1/23/2021
88c0669c2c4,8/12/2019,8/18/2019,8/30/2019,9/2/2019
4913c108d2b,4/24/2020,4/30/2020,5/14/2020,5/17/2020
da4d32f823b,4/24/2020,4/30/2020,5/14/2020,5/17/2020
b55a06748f2,4/24/2020,4/30/2020,5/14/2020,5/16/2020
2f2c78767d5,4/27/2020,4/30/2020,5/13/2020,5/17/2020
ceb291575e1,4/26/2020,5/1/2020,5/12/2020,5/21/2020
9b8e206a9be,4/28/2020,5/1/2020,5/15/2020,5/18/2020
62f3aac9463,4/29/2020,5/1/2020,5/9/2020,5/15/2020
9d8697ab337,8/16/2019,8/20/2019,8/29/2019,9/1/2019
9101f2cacd1,8/19/2019,8/20/2019,9/3/2019,9/8/2019
b45be0c8de7,4/28/2020,5/2/2020,5/14/2020,5/23/2020
2bb0e0f997c,8/15/2019,8/21/2019,9/3/2019,9/5/2019
c810bd64277,4/28/2020,5/3/2020,5/15/2020,5/15/2020
0490f2e81ba,4/29/2020,5/3/2020,5/13/2020,5/20/2020
56e7a5cc0be,4/29/2020,5/4/2020,5/17/2020,5/20/2020
f9f50bbe79d,4/29/2020,5/4/2020,5/13/2020,5/15/2020
9f8eb87a598,5/3/2020,5/4/2020,5/17/2020,5/26/2020
2f0cd56b6bd,1/15/2021,1/16/2021,1/29/2021,2/2/2021
0d0758a84f1,4/30/2020,5/6/2020,5/20/2020,5/25/2020
3fde7526970,5/3/2020,5/6/2020,5/13/2020,5/20/2020
c918a74ef76,1/14/2021,1/17/2021,1/27/2021,1/30/2021
08bfedbfeff,5/5/2020,5/7/2020,5/18/2020,5/25/2020
b7846df00cf,5/5/2020,5/7/2020,5/19/2020,5/28/2020
d4cd503af52,1/15/2021,1/18/2021,1/25/2021,1/31/2021
3aa907aa9e5,1/13/2021,1/19/2021,1/31/2021,2/9/2021
fbb613bf1aa,1/15/2021,1/19/2021,1/28/2021,2/2/2021
e0878f969ab,5/5/2020,5/9/2020,5/19/2020,5/23/2020
0fef040f8a1,5/7/2020,5/9/2020,5/19/2020,5/26/2020
a3a7021a209,5/8/2020,5/9/2020,5/22/2020,5/27/2020
81ed98d4435,1/14/2021,1/20/2021,2/1/2021,2/3/2021
689c805e212,1/14/2021,1/20/2021,1/28/2021,2/4/2021
c5e6f3b5ce9,1/19/2021,1/20/2021,2/3/2021,2/5/2021
e74523432ae,1/19/2021,1/20/2021,2/3/2021,2/5/2021
bc85d25d6c5,10/2/2021,10/3/2021,10/16/2021,10/19/2021
28852c32128,8/22/2019,8/28/2019,9/11/2019,9/15/2019
9e9f61c1784,5/4/2020,5/10/2020,5/18/2020,5/25/2020
40c7d1aafe8,5/6/2020,5/10/2020,5/23/2020,5/24/2020
daa0d26f4f5,5/7/2020,5/10/2020,5/20/2020,5/28/2020
80ceea7dc9c,5/8/2020,5/10/2020,5/17/2020,5/24/2020
8b7bf9c9030,5/10/2020,5/11/2020,5/24/2020,6/2/2020
97a2d632b04,1/18/2021,1/22/2021,1/30/2021,2/3/2021
429bf95299d,10/1/2021,10/5/2021,10/19/2021,10/27/2021
4dc10926ea9,10/1/2021,10/5/2021,10/16/2021,10/21/2021
5499517315a,10/2/2021,10/5/2021,10/16/2021,10/20/2021
da7fbad1910,10/3/2021,10/5/2021,10/17/2021,10/26/2021
4c77f67ae3e,5/6/2020,5/12/2020,5/23/2020,5/26/2020
f8d40039684,5/7/2020,5/12/2020,5/20/2020,5/24/2020
d2b660f6d66,5/8/2020,5/12/2020,5/22/2020,5/24/2020
93fb470f79a,5/9/2020,5/12/2020,5/26/2020,5/29/2020
f5d62a67992,5/9/2020,5/12/2020,5/26/2020,6/2/2020
7b99185e313,10/4/2021,10/6/2021,10/17/2021,10/20/2021
393d2f3100b,8/25/2019,8/31/2019,9/12/2019,9/13/2019
96bbc842cad,8/25/2019,8/31/2019,9/13/2019,9/21/2019
0e612d840fc,5/7/2020,5/13/2020,5/21/2020,5/24/2020
2375d2750c2,5/7/2020,5/13/2020,5/21/2020,5/29/2020
3a01ecbf645,5/11/2020,5/13/2020,5/26/2020,5/28/2020
0f8b89ed2e5,1/19/2021,1/24/2021,2/3/2021,2/10/2021
f9fea0de18d,1/22/2021,1/24/2021,2/4/2021,2/9/2021
7c90be69fb3,10/2/2021,10/7/2021,10/18/2021,10/25/2021
ae97fb04095,10/4/2021,10/7/2021,10/19/2021,10/26/2021
6f212d5a40e,10/5/2021,10/7/2021,10/20/2021,10/28/2021
65fabb907c9,8/26/2019,9/1/2019,9/15/2019,9/19/2019
f396a06026a,5/11/2020,5/14/2020,5/25/2020,6/2/2020
d45078e8086,5/13/2020,5/14/2020,5/28/2020,6/6/2020
983f6bf8910,1/20/2021,1/25/2021,2/8/2021,2/14/2021
211f21d3450,1/21/2021,1/25/2021,2/8/2021,2/14/2021
bbf4b816fdb,10/2/2021,10/8/2021,10/17/2021,10/23/2021
b7645586972,10/2/2021,10/8/2021,10/22/2021,10/25/2021
9834e3c7722,10/3/2021,10/8/2021,10/18/2021,10/19/2021
85e1b9feb9a,10/6/2021,10/8/2021,10/21/2021,10/23/2021
53b0545ffb1,5/11/2020,5/15/2020,5/23/2020,5/30/2020
732fb1d25c3,5/14/2020,5/15/2020,5/27/2020,6/3/2020
a0f723ce9f4,5/14/2020,5/15/2020,5/26/2020,6/1/2020
77a5fa9f34b,10/3/2021,10/9/2021,10/16/2021,10/24/2021
62382c288b0,10/4/2021,10/9/2021,10/21/2021,10/28/2021
6cd33dd2b05,8/28/2019,9/3/2019,9/14/2019,9/19/2019
1ce2cbf4bed,5/10/2020,5/16/2020,5/25/2020,5/31/2020
0c6502fe801,1/22/2021,1/27/2021,2/8/2021,2/16/2021
a5ecfd27108,1/23/2021,1/27/2021,2/7/2021,2/9/2021
1f42798c675,9/2/2019,9/4/2019,9/17/2019,9/24/2019
e6b3eac1ab3,5/13/2020,5/17/2020,5/30/2020,6/2/2020
006f05baf96,5/13/2020,5/17/2020,5/31/2020,6/6/2020
b1ae69441b3,5/13/2020,5/17/2020,5/24/2020,6/1/2020
91ed0ce2442,1/22/2021,1/28/2021,2/5/2021,2/12/2021
03a2a234500,1/23/2021,1/28/2021,2/6/2021,2/11/2021
6a5251e8670,10/7/2021,10/11/2021,10/25/2021,11/2/2021
1ec94b5098d,9/2/2019,9/5/2019,9/18/2019,9/23/2019
c02ab6cd59b,9/2/2019,9/5/2019,9/13/2019,9/18/2019
58b25eeec0d,9/3/2019,9/5/2019,9/19/2019,9/21/2019
be941cd02e8,5/12/2020,5/18/2020,5/27/2020,5/30/2020
74290c66501,5/15/2020,5/18/2020,5/27/2020,5/31/2020
569d3d6008e,5/17/2020,5/18/2020,5/31/2020,6/3/2020
ef3323f66ae,1/28/2021,1/29/2021,2/10/2021,2/14/2021
1f63cace69c,10/6/2021,10/12/2021,10/25/2021,10/27/2021
f792cdfa69d,5/14/2020,5/19/2020,6/1/2020,6/4/2020
3e88cfbb04a,5/16/2020,5/19/2020,6/2/2020,6/10/2020
4405dc9ba47,5/16/2020,5/19/2020,5/30/2020,6/4/2020
b7c8bbf0a6f,5/16/2020,5/19/2020,5/27/2020,6/5/2020
500f5bd08ae,5/17/2020,5/19/2020,5/26/2020,6/2/2020
581cdcaee43,5/15/2020,5/20/2020,5/30/2020,6/4/2020
96d3e975718,5/16/2020,5/20/2020,5/31/2020,6/1/2020
ac5dc560d72,5/16/2020,5/20/2020,6/2/2020,6/9/2020
a04a794767f,5/17/2020,5/20/2020,6/3/2020,6/10/2020
cc22b3ba15e,1/29/2021,1/31/2021,2/11/2021,2/20/2021
8a595d876c3,1/30/2021,1/31/2021,2/12/2021,2/16/2021
37406ed233c,9/2/2019,9/8/2019,9/19/2019,9/26/2019
1701e13f622,5/15/2020,5/21/2020,5/30/2020,5/31/2020
14fe7216284,5/16/2020,5/21/2020,6/4/2020,6/8/2020
588a751e2d0,5/17/2020,5/21/2020,6/2/2020,6/10/2020
e79eb7a317d,5/17/2020,5/21/2020,5/31/2020,6/7/2020
7701e0e028c,5/17/2020,5/21/2020,6/2/2020,6/8/2020
4c76d449381,1/30/2021,2/1/2021,2/14/2021,2/17/2021
1e79ca37bcc,1/30/2021,2/1/2021,2/15/2021,2/22/2021
3ab8ff42f36,5/16/2020,5/22/2020,6/5/2020,6/9/2020
580c79a0414,5/19/2020,5/22/2020,5/31/2020,6/7/2020
561cea44f41,1/27/2021,2/2/2021,2/10/2021,2/15/2021
e63a1fc1e9e,1/30/2021,2/2/2021,2/12/2021,2/19/2021
952dea009ba,9/5/2019,9/10/2019,9/21/2019,9/30/2019
2447c7c5a7c,5/18/2020,5/23/2020,5/31/2020,6/4/2020
4a597fd7a24,5/18/2020,5/23/2020,6/4/2020,6/4/2020
b5d57b53ee0,5/19/2020,5/23/2020,6/4/2020,6/11/2020
ed1974e09b6,5/21/2020,5/23/2020,6/1/2020,6/6/2020
2c3619a0329,5/22/2020,5/23/2020,6/4/2020,6/9/2020
9f8ea758dac,1/28/2021,2/3/2021,2/16/2021,2/18/2021
0e44e5702c7,5/18/2020,5/24/2020,6/6/2020,6/15/2020
5df40bc3f7f,5/20/2020,5/24/2020,6/1/2020,6/7/2020
fdfc2675be0,5/22/2020,5/24/2020,6/4/2020,6/12/2020
df438b4fde7,1/29/2021,2/4/2021,2/17/2021,2/21/2021
433bd64fb58,1/29/2021,2/4/2021,2/12/2021,2/16/2021
da6ab848b2a,1/30/2021,2/4/2021,2/13/2021,2/15/2021
c98f0f519e0,2/2/2021,2/4/2021,2/12/2021,2/19/2021
6c7a6f05196,2/3/2021,2/4/2021,2/15/2021,2/20/2021
d8957e3a59d,5/20/2020,5/25/2020,6/2/2020,6/11/2020
bdcbe375e79,5/23/2020,5/25/2020,6/6/2020,6/10/2020
d92ad8e9f4a,1/30/2021,2/5/2021,2/18/2021,2/22/2021
c7b304c08ff,2/1/2021,2/5/2021,2/13/2021,2/19/2021
5d3ad91e0de,2/1/2021,2/5/2021,2/18/2021,2/19/2021
10d698146a7,2/1/2021,2/5/2021,2/19/2021,2/26/2021
1078e182eb2,2/2/2021,2/5/2021,2/12/2021,2/21/2021
5bf31265da7,5/20/2020,5/26/2020,6/9/2020,6/10/2020
43bde48695a,5/21/2020,5/26/2020,6/8/2020,6/12/2020
d7d08abb057,5/21/2020,5/26/2020,6/2/2020,6/11/2020
adb39f96c36,5/21/2020,5/26/2020,6/7/2020,6/11/2020
d8c9260be65,5/22/2020,5/26/2020,6/4/2020,6/8/2020
8394aa2865d,5/24/2020,5/26/2020,6/9/2020,6/15/2020
5622c1d1eee,5/25/2020,5/26/2020,6/9/2020,6/18/2020
9958e29d54c,5/25/2020,5/26/2020,6/4/2020,6/13/2020
4c375a2d539,2/1/2021,2/6/2021,2/19/2021,2/22/2021
d0049a8d38f,2/2/2021,2/6/2021,2/15/2021,2/21/2021
7c9df7179fe,2/3/2021,2/6/2021,2/18/2021,2/22/2021
9fbab3d444f,2/5/2021,2/6/2021,2/19/2021,2/21/2021
8f19089dbee,9/13/2019,9/14/2019,9/26/2019,10/3/2019
13d984d52c4,5/21/2020,5/27/2020,6/5/2020,6/13/2020
4598289badf,5/26/2020,5/27/2020,6/10/2020,6/12/2020
804289c12de,2/4/2021,2/7/2021,2/16/2021,2/23/2021
d6437d74560,9/11/2019,9/15/2019,9/27/2019,9/30/2019
0400b2197d6,5/23/2020,5/28/2020,6/5/2020,6/11/2020
ade0e7a077b,5/23/2020,5/28/2020,6/4/2020,6/11/2020
30d50236d16,5/23/2020,5/28/2020,6/5/2020,6/12/2020
75bdda84f6a,5/23/2020,5/28/2020,6/8/2020,6/14/2020
5e5968b6645,5/24/2020,5/28/2020,6/4/2020,6/12/2020
ba8fd2312d8,5/24/2020,5/28/2020,6/8/2020,6/9/2020
2bccef35346,2/2/2021,2/8/2021,2/19/2021,2/26/2021
a1da554660c,2/2/2021,2/8/2021,2/20/2021,2/22/2021
dce18e3a97f,2/2/2021,2/8/2021,2/22/2021,2/22/2021
79692bb553a,5/23/2020,5/29/2020,6/10/2020,6/14/2020
69e09156d63,2/3/2021,2/9/2021,2/22/2021,3/1/2021
ffaff3a3cf0,2/3/2021,2/9/2021,2/17/2021,2/22/2021
42e31d99eae,2/4/2021,2/9/2021,2/23/2021,2/27/2021
55bd74f7821,9/16/2019,9/17/2019,10/1/2019,10/4/2019
5cf46793125,5/25/2020,5/30/2020,6/12/2020,6/21/2020
8f803370646,5/26/2020,5/30/2020,6/10/2020,6/14/2020
5cb299fd905,5/27/2020,5/30/2020,6/8/2020,6/12/2020
d797f392322,5/27/2020,5/30/2020,6/13/2020,6/16/2020
fcfccae8a9d,2/4/2021,2/10/2021,2/17/2021,2/21/2021
aec2c749d10,5/25/2020,5/31/2020,6/12/2020,6/20/2020
548ff3cf1a4,5/25/2020,5/31/2020,6/13/2020,6/14/2020
f74541dace3,2/5/2021,2/11/2021,2/18/2021,2/25/2021
074263c0ff0,2/5/2021,2/11/2021,2/21/2021,2/23/2021
66e89427571,5/28/2020,6/1/2020,6/14/2020,6/17/2020
52e084de319,5/29/2020,6/1/2020,6/9/2020,6/16/2020
9ec626e46a0,5/29/2020,6/1/2020,6/10/2020,6/19/2020
cc913441646,1/5/2019,1/7/2019,1/17/2019,1/23/2019
7c40fcb0c94,5/28/2020,6/2/2020,6/16/2020,6/19/2020
ab9ef517de1,5/28/2020,6/3/2020,6/17/2020,6/19/2020
2726e427bf8,9/17/2019,9/22/2019,10/3/2019,10/7/2019
48f34d90ed1,5/29/2020,6/4/2020,6/17/2020,6/19/2020
1bafb2ce6e1,5/29/2020,6/4/2020,6/17/2020,6/19/2020
72ea27c33ec,5/30/2020,6/4/2020,6/17/2020,6/17/2020
85ce8ac32d0,5/31/2020,6/4/2020,6/12/2020,6/17/2020
fddd938d0e9,5/31/2020,6/4/2020,6/13/2020,6/18/2020
c351a974d4e,9/19/2019,9/23/2019,10/4/2019,10/13/2019
d793196a41d,5/31/2020,6/5/2020,6/17/2020,6/25/2020
8.77E+13,6/3/2020,6/5/2020,6/16/2020,6/24/2020
8aa680bc727,6/4/2020,6/5/2020,6/15/2020,6/23/2020
b45877c427a,2/14/2021,2/16/2021,3/2/2021,3/4/2021
71b0150d78c,2/14/2021,2/16/2021,3/2/2021,3/4/2021
33e4ae1140a,2/15/2021,2/16/2021,3/1/2021,3/8/2021
db901ad1704,1/7/2019,1/11/2019,1/23/2019,1/27/2019
34d24469818,6/1/2020,6/6/2020,6/14/2020,6/19/2020
82c73b4e228,6/5/2020,6/6/2020,6/15/2020,6/21/2020
4abfa4edaa7,2/14/2021,2/17/2021,3/2/2021,3/2/2021
2f012f3266f,6/4/2020,6/7/2020,6/16/2020,6/23/2020
8c2b80636ce,6/4/2020,6/7/2020,6/18/2020,6/20/2020
84534952900,2/13/2021,2/18/2021,2/27/2021,3/3/2021
802a61b6b0d,2/17/2021,2/18/2021,3/4/2021,3/5/2021
84daf980098,1/7/2019,1/13/2019,1/26/2019,2/1/2019
bd4cda2c63d,6/2/2020,6/8/2020,6/19/2020,6/23/2020
6d002caeb57,6/6/2020,6/8/2020,6/22/2020,6/27/2020
febb43270e4,2/13/2021,2/19/2021,2/26/2021,3/6/2021
1d79012116f,2/13/2021,2/19/2021,2/28/2021,3/2/2021
672dc732947,2/14/2021,2/19/2021,3/3/2021,3/7/2021
66e36a7a5d3,2/15/2021,2/19/2021,3/4/2021,3/13/2021
964cf14ee89,2/16/2021,2/19/2021,2/27/2021,3/8/2021
3dacf140ec5,2/17/2021,2/19/2021,2/27/2021,3/6/2021
05313b979ef,1/13/2019,1/14/2019,1/28/2019,1/30/2019
7e77f103c5d,9/24/2019,9/27/2019,10/8/2019,10/15/2019
281aeb7e1af,6/3/2020,6/9/2020,6/19/2020,6/27/2020
b917d2def75,6/7/2020,6/9/2020,6/23/2020,7/2/2020
fbfd11c0ec7,2/14/2021,2/20/2021,3/3/2021,3/7/2021
c7edbb602a7,2/14/2021,2/20/2021,3/4/2021,3/6/2021
e45770836b3,2/18/2021,2/20/2021,3/4/2021,3/10/2021
0e77d9967be,1/12/2019,1/15/2019,1/25/2019,1/30/2019
5a3f3002a8d,1/13/2019,1/15/2019,1/22/2019,1/30/2019
103993936a9,9/22/2019,9/28/2019,10/6/2019,10/10/2019
5aa210e60fd,9/27/2019,9/28/2019,10/12/2019,10/15/2019
43bb54db628,6/4/2020,6/10/2020,6/23/2020,6/25/2020
4540f333f21,6/8/2020,6/10/2020,6/24/2020,6/24/2020
1d742feabc5,6/8/2020,6/10/2020,6/23/2020,6/27/2020
231a0aba13d,6/8/2020,6/10/2020,6/22/2020,6/25/2020
dbc4faa0fd6,6/9/2020,6/10/2020,6/24/2020,6/27/2020
4a0ac06eabc,2/18/2021,2/21/2021,3/6/2021,3/13/2021
2c7320892c0,2/19/2021,2/21/2021,3/6/2021,3/8/2021
837a5463ac3,2/20/2021,2/21/2021,3/6/2021,3/15/2021
f5fd1f552a5,1/11/2019,1/16/2019,1/24/2019,2/2/2019
6d9a33144a7,1/15/2019,1/16/2019,1/30/2019,2/6/2019
1fa2cb16ad6,6/5/2020,6/11/2020,6/24/2020,6/27/2020
fab7d26f827,6/8/2020,6/11/2020,6/18/2020,6/24/2020
7b97e0ea5c6,6/10/2020,6/11/2020,6/20/2020,6/27/2020
cde760035a8,2/17/2021,2/22/2021,3/2/2021,3/10/2021
9142b22c8de,2/17/2021,2/22/2021,3/5/2021,3/7/2021
2f84133a123,2/18/2021,2/22/2021,3/7/2021,3/14/2021
259732bf497,2/21/2021,2/22/2021,3/8/2021,3/11/2021
e8c27dcb791,11/4/2021,11/5/2021,11/12/2021,11/20/2021
515df67a3e0,6/7/2020,6/12/2020,6/19/2020,6/28/2020
5e851705ae7,6/9/2020,6/12/2020,6/21/2020,6/30/2020
239b2e450b3,2/17/2021,2/23/2021,3/8/2021,3/8/2021
10c32968a35,2/21/2021,2/23/2021,3/9/2021,3/11/2021
4601e41cc73,2/22/2021,2/23/2021,3/6/2021,3/10/2021
dce3c2a8463,11/2/2021,11/6/2021,11/18/2021,11/27/2021
598bc251fe5,11/4/2021,11/6/2021,11/16/2021,11/21/2021
bbf87e352c8,1/15/2019,1/18/2019,2/1/2019,2/2/2019
01f3e6eb3c4,2/18/2021,2/24/2021,3/6/2021,3/8/2021
6c5e437be09,2/18/2021,2/24/2021,3/10/2021,3/12/2021
8030da20c3c,11/2/2021,11/7/2021,11/19/2021,11/27/2021
6d16bb9b121,6/9/2020,6/14/2020,6/28/2020,7/6/2020
09165af1359,6/9/2020,6/14/2020,6/28/2020,7/7/2020
5bbe2d61311,6/10/2020,6/14/2020,6/22/2020,6/28/2020
37d524b15a6,6/11/2020,6/14/2020,6/26/2020,7/3/2020
2ed93e666f0,2/22/2021,2/25/2021,3/8/2021,3/16/2021
0219e60958c,11/2/2021,11/8/2021,11/15/2021,11/24/2021
8928a5f359b,2/20/2021,2/26/2021,3/12/2021,3/16/2021
7722a894842,2/22/2021,2/26/2021,3/10/2021,3/16/2021
63fa7423aec,2/22/2021,2/26/2021,3/8/2021,3/11/2021
65e4e9a9b82,2/24/2021,2/26/2021,3/5/2021,3/13/2021
c5a43be6898,2/24/2021,2/26/2021,3/5/2021,3/12/2021
2b529560a1b,11/3/2021,11/9/2021,11/19/2021,11/23/2021
4c9678e6709,11/4/2021,11/9/2021,11/22/2021,11/25/2021
c38b585b923,11/4/2021,11/9/2021,11/22/2021,11/24/2021
b0904af51f3,6/11/2020,6/16/2020,6/23/2020,7/2/2020
62e29984804,2/21/2021,2/27/2021,3/13/2021,3/15/2021
5f5a4152452,2/22/2021,2/27/2021,3/13/2021,3/16/2021
8ede9a09c18,2/22/2021,2/27/2021,3/11/2021,3/15/2021
d9265464be6,2/25/2021,2/27/2021,3/12/2021,3/21/2021
58e880470b6,11/5/2021,11/10/2021,11/23/2021,11/26/2021
6d20c4b3d74,1/19/2019,1/22/2019,2/5/2019,2/5/2019
d417c56d2de,10/3/2019,10/5/2019,10/18/2019,10/25/2019
819b0cf3de5,6/15/2020,6/17/2020,6/26/2020,7/3/2020
ea1fdea9b2a,6/15/2020,6/17/2020,6/25/2020,7/2/2020
6ad92d30d49,2/24/2021,2/28/2021,3/11/2021,3/19/2021
6325b6c3d5f,2/24/2021,2/28/2021,3/13/2021,3/17/2021
e46bbda2e07,2/26/2021,2/28/2021,3/12/2021,3/14/2021
7998584f66e,11/5/2021,11/11/2021,11/21/2021,11/26/2021
7707e8c4136,10/3/2019,10/6/2019,10/17/2019,10/22/2019
ee675c2bbe8,6/13/2020,6/18/2020,6/28/2020,7/3/2020
220e3f826bd,6/15/2020,6/18/2020,6/26/2020,7/3/2020
0a0f2107659,6/16/2020,6/18/2020,7/2/2020,7/10/2020
71c9a426597,2/24/2021,3/1/2021,3/15/2021,3/18/2021
7acc708434b,2/26/2021,3/1/2021,3/14/2021,3/20/2021
e4833793a82,2/26/2021,3/1/2021,3/13/2021,3/19/2021
